date,country,yield_10y,CPI_annual_pct,GDP_growth_annual_pct,External_debt_usd,usd_index,brent
6/30/2010,Brazil,12.788,5.038726901,7.528225818,3.52364E+11,86.57500042,75.54863566
7/31/2010,Brazil,12.01,5.038726901,7.528225818,3.52364E+11,83.07047562,75.50899964
8/31/2010,Brazil,11.51,5.038726901,7.528225818,3.52364E+11,82.1490912,77.11499994
9/30/2010,Brazil,12.02,5.038726901,7.528225818,3.52364E+11,81.08333297,78.49095226
10/31/2010,Brazil,11.92,5.038726901,7.528225818,3.52364E+11,77.45999945,83.53619022
11/30/2010,Brazil,12.607,5.038726901,7.528225818,3.52364E+11,78.37571462,86.1623804
12/31/2010,Brazil,12.438,5.038726901,7.528225818,3.52364E+11,80.04909134,92.18590823
1/31/2011,Brazil,12.438,6.636449622,3.974423079,4.04046E+11,79.14600029,96.78631592
2/28/2011,Brazil,12.493,6.636449622,3.974423079,4.04046E+11,77.78263172,103.9421049
3/31/2011,Brazil,12.438,6.636449622,3.974423079,4.04046E+11,76.28956604,114.6495451
4/30/2011,Brazil,12.413,6.636449622,3.974423079,4.04046E+11,74.72449989,123.0505259
5/31/2011,Brazil,12.547,6.636449622,3.974423079,4.04046E+11,74.94142841,114.5142862
6/30/2011,Brazil,12.463,6.636449622,3.974423079,4.04046E+11,74.69363611,113.901818
7/31/2011,Brazil,12.81,6.636449622,3.974423079,4.04046E+11,74.75699959,117.1182354
8/31/2011,Brazil,11.643,6.636449622,3.974423079,4.04046E+11,74.23652185,109.9147615
9/30/2011,Brazil,11.619,6.636449622,3.974423079,4.04046E+11,76.99047634,110.1945
10/31/2011,Brazil,11.45,6.636449622,3.974423079,4.04046E+11,77.15428525,109.0895004
11/30/2011,Brazil,11.104,6.636449622,3.974423079,4.04046E+11,77.89142899,110.822631
12/31/2011,Brazil,11.12,6.636449622,3.974423079,4.04046E+11,79.61142803,107.7228564
1/31/2012,Brazil,11.23,5.40349914,1.921175986,4.40497E+11,80.26800041,111.4649998
2/29/2012,Brazil,11.394,5.40349914,1.921175986,4.40497E+11,78.93149948,119.0105007
3/31/2012,Brazil,11.244,5.40349914,1.921175986,4.40497E+11,79.53681807,124.544546
4/30/2012,Brazil,10.71,5.40349914,1.921175986,4.40497E+11,79.40150032,120.4865002
5/31/2012,Brazil,10.472,5.40349914,1.921175986,4.40497E+11,80.92545492,110.4331825
6/30/2012,Brazil,9.92,5.40349914,1.921175986,4.40497E+11,82.22047715,95.92714328
7/31/2012,Brazil,9.46,5.40349914,1.921175986,4.40497E+11,83.06761896,102.8642862
8/31/2012,Brazil,9.57,5.40349914,1.921175986,4.40497E+11,82.16000034,112.6782611
9/30/2012,Brazil,9.785,5.40349914,1.921175986,4.40497E+11,79.81421099,112.6147053
10/31/2012,Brazil,9.23,5.40349914,1.921175986,4.40497E+11,79.70809501,111.6210528
11/30/2012,Brazil,9.45,5.40349914,1.921175986,4.40497E+11,80.68523843,109.4620007
12/31/2012,Brazil,9.18,5.40349914,1.921175986,4.40497E+11,79.75849991,109.302778
1/31/2013,Brazil,9.55,6.204310666,3.004822669,4.83735E+11,79.8733328,112.2680958
2/28/2013,Brazil,9.46,6.204310666,3.004822669,4.83735E+11,80.60526316,116.0826316
3/31/2013,Brazil,10.1,6.204310666,3.004822669,4.83735E+11,82.62549973,109.5205259
4/30/2013,Brazil,9.61,6.204310666,3.004822669,4.83735E+11,82.52500049,103.5668189
5/31/2013,Brazil,10.52,6.204310666,3.004822669,4.83735E+11,83.21363622,103.2154551
6/30/2013,Brazil,11.18,6.204310666,3.004822669,4.83735E+11,81.85049973,103.1426319
7/31/2013,Brazil,10.99,6.204310666,3.004822669,4.83735E+11,82.78954627,107.4919048
8/31/2013,Brazil,11.98,6.204310666,3.004822669,4.83735E+11,81.48181777,110.5119051
9/30/2013,Brazil,11.7,6.204310666,3.004822669,4.83735E+11,81.15949898,111.3200005
10/31/2013,Brazil,11.73,6.204310666,3.004822669,4.83735E+11,79.86652175,109.5022732
11/30/2013,Brazil,12.94,6.204310666,3.004822669,4.83735E+11,80.84400024,107.7210533
12/31/2013,Brazil,13.21,6.204310666,3.004822669,4.83735E+11,80.30666606,110.8540001
1/31/2014,Brazil,13.4,6.329040155,0.50395574,5.5692E+11,80.80952417,107.1994995
2/28/2014,Brazil,12.7,6.329040155,0.50395574,5.5692E+11,80.45736855,108.7061115
3/31/2014,Brazil,12.8,6.329040155,0.50395574,5.5692E+11,79.87047686,107.8576188
4/30/2014,Brazil,12.44,6.329040155,0.50395574,5.5692E+11,79.85333361,108.0519053
5/31/2014,Brazil,12.105,6.329040155,0.50395574,5.5692E+11,79.94904727,109.2195242
6/30/2014,Brazil,12.195,6.329040155,0.50395574,5.5692E+11,80.44238209,111.980476
7/31/2014,Brazil,12.02,6.329040155,0.50395574,5.5692E+11,80.54772637,107.9859089
8/31/2014,Brazil,11.215,6.329040155,0.50395574,5.5692E+11,81.86380949,103.3204756
9/30/2014,Brazil,12.34,6.329040155,0.50395574,5.5692E+11,84.45904795,98.25380888
10/31/2014,Brazil,12.07,6.329040155,0.50395574,5.5692E+11,85.6704347,87.97913062
11/30/2014,Brazil,11.825,6.329040155,0.50395574,5.5692E+11,87.72842086,79.91210456
12/31/2014,Brazil,12.425,6.329040155,0.50395574,5.5692E+11,89.15681735,63.20363652
1/31/2015,Brazil,11.97,9.029901024,-3.545763393,5.43397E+11,92.97700043,49.67999992
2/28/2015,Brazil,12.43,9.029901024,-3.545763393,5.43397E+11,94.45789337,58.44052626
3/31/2015,Brazil,13.055,9.029901024,-3.545763393,5.43397E+11,97.8781825,56.93499981
4/30/2015,Brazil,12.8,9.029901024,-3.545763393,5.43397E+11,97.59190478,60.96523775
5/31/2015,Brazil,12.255,9.029901024,-3.545763393,5.43397E+11,95.19200096,65.60099926
6/30/2015,Brazil,12.63,9.029901024,-3.545763393,5.43397E+11,95.17000025,63.70409029
7/31/2015,Brazil,12.98,9.029901024,-3.545763393,5.43397E+11,96.96227299,56.62181802
8/31/2015,Brazil,14.28,9.029901024,-3.545763393,5.43397E+11,96.37809499,48.21952384
9/30/2015,Brazil,15.47,9.029901024,-3.545763393,5.43397E+11,95.75809515,48.43333344
10/31/2015,Brazil,15.89,9.029901024,-3.545763393,5.43397E+11,95.71409087,49.21409121
11/30/2015,Brazil,15.815,9.029901024,-3.545763393,5.43397E+11,99.03300056,45.90700016
12/31/2015,Brazil,16.49,9.029901024,-3.545763393,5.43397E+11,98.33409049,38.90954521
1/31/2016,Brazil,16,8.739143523,-3.275916908,5.43257E+11,99.02300034,32.2121051
2/29/2016,Brazil,15.935,8.739143523,-3.275916908,5.43257E+11,97.09550018,33.55649996
3/31/2016,Brazil,14,8.739143523,-3.275916908,5.43257E+11,96.25954507,39.75136375
4/30/2016,Brazil,12.45,8.739143523,-3.275916908,5.43257E+11,94.40380932,43.38666644
5/31/2016,Brazil,13.05,8.739143523,-3.275916908,5.43257E+11,94.52190472,47.73904764
6/30/2016,Brazil,12.19,8.739143523,-3.275916908,5.43257E+11,94.67227208,49.92681816
7/31/2016,Brazil,11.83,8.739143523,-3.275916908,5.43257E+11,96.57250061,46.33099976
8/31/2016,Brazil,12.11,8.739143523,-3.275916908,5.43257E+11,95.38000024,47.17260825
9/30/2016,Brazil,11.63,8.739143523,-3.275916908,5.43257E+11,95.46523757,47.29809534
10/31/2016,Brazil,11.47,8.739143523,-3.275916908,5.43257E+11,97.73899918,51.21049976
11/30/2016,Brazil,11.9,8.739143523,-3.275916908,5.43257E+11,99.70550041,47.10850086
12/31/2016,Brazil,11.46,8.739143523,-3.275916908,5.43257E+11,102.0133325,54.71761885
1/31/2017,Brazil,10.935,3.44637335,1.322869054,5.43E+11,101.1219997,55.42699985
2/28/2017,Brazil,10.25,3.44637335,1.322869054,5.43E+11,100.6910533,55.92684274
3/31/2017,Brazil,10.11,3.44637335,1.322869054,5.43E+11,100.7591297,52.50565189
4/30/2017,Brazil,10.315,3.44637335,1.322869054,5.43E+11,100.0452628,53.81894704
5/31/2017,Brazil,10.74,3.44637335,1.322869054,5.43E+11,98.26863653,51.34954556
6/30/2017,Brazil,10.53,3.44637335,1.322869054,5.43E+11,96.94863684,47.5400004
7/31/2017,Brazil,10.015,3.44637335,1.322869054,5.43E+11,94.86100082,49.1255003
8/31/2017,Brazil,9.955,3.44637335,1.322869054,5.43E+11,93.17608643,51.90695638
9/30/2017,Brazil,9.745,3.44637335,1.322869054,5.43E+11,92.32400055,55.65200024
10/31/2017,Brazil,9.9,3.44637335,1.322869054,5.43E+11,93.71954484,57.64909068
11/30/2017,Brazil,10.39,3.44637335,1.322869054,5.43E+11,93.99714406,62.87142853
12/31/2017,Brazil,10.27,3.44637335,1.322869054,5.43E+11,93.38800011,64.06650028
1/31/2018,Brazil,9.72,3.664850284,1.783666762,5.57765E+11,90.74476188,69.02238028
2/28/2018,Brazil,9.62,3.664850284,1.783666762,5.57765E+11,89.73052617,65.70368415
3/31/2018,Brazil,9.455,3.664850284,1.783666762,5.57765E+11,89.87619128,66.80904752
4/30/2018,Brazil,9.67,3.664850284,1.783666762,5.57765E+11,90.29333278,71.76238069
5/31/2018,Brazil,11.22,3.664850284,1.783666762,5.57765E+11,93.29954598,77.17681885
6/30/2018,Brazil,11.62,3.664850284,1.783666762,5.57765E+11,94.37714277,75.97952379
7/31/2018,Brazil,11.09,3.664850284,1.783666762,5.57765E+11,94.59761919,74.79523868
8/31/2018,Brazil,12.19,3.664850284,1.783666762,5.57765E+11,95.48173954,73.92260808
9/30/2018,Brazil,11.635,3.664850284,1.783666762,5.57765E+11,94.73947465,79.15999965
10/31/2018,Brazil,10.24,3.664850284,1.783666762,5.57765E+11,95.85260939,80.62956636
11/30/2018,Brazil,9.93,3.664850284,1.783666762,5.57765E+11,96.76142883,66.2328573
12/31/2018,Brazil,9.32,3.664850284,1.783666762,5.57765E+11,96.87578984,57.47000022
1/31/2019,Brazil,8.87,3.732976212,1.220777824,5.68709E+11,95.9376188,60.12190501
2/28/2019,Brazil,9.02,3.732976212,1.220777824,5.68709E+11,96.458421,64.27631539
3/31/2019,Brazil,8.985,3.732976212,1.220777824,5.68709E+11,96.7828569,67.0276195
4/30/2019,Brazil,8.965,3.732976212,1.220777824,5.68709E+11,97.35857173,71.62857237
5/31/2019,Brazil,8.47,3.732976212,1.220777824,5.68709E+11,97.74181782,70.31181821
6/30/2019,Brazil,7.48,3.732976212,1.220777824,5.68709E+11,96.80450058,63.03800011
7/31/2019,Brazil,7.25,3.732976212,1.220777824,5.68709E+11,97.36590923,64.25636396
8/31/2019,Brazil,7.44,3.732976212,1.220777824,5.68709E+11,98.00454504,59.50181805
9/30/2019,Brazil,7.045,3.732976212,1.220777824,5.68709E+11,98.59999962,62.46849995
10/31/2019,Brazil,6.44,3.732976212,1.220777824,5.68709E+11,98.17304362,59.63217329
11/30/2019,Brazil,6.885,3.732976212,1.220777824,5.68709E+11,98.06499977,62.65149975
12/31/2019,Brazil,6.805,3.732976212,1.220777824,5.68709E+11,97.37666684,65.17380887
1/31/2020,Brazil,6.7,3.211768038,-3.276758796,5.49326E+11,97.43619029,63.59999993
2/29/2020,Brazil,6.78,3.211768038,-3.276758796,5.49326E+11,98.84315852,55.36210532
3/31/2020,Brazil,7.65,3.211768038,-3.276758796,5.49326E+11,98.83500047,33.72909112
4/30/2020,Brazil,7.58,3.211768038,-3.276758796,5.49326E+11,99.91285706,26.63142867
5/31/2020,Brazil,6.96,3.211768038,-3.276758796,5.49326E+11,99.55300026,32.25600023
6/30/2020,Brazil,6.71,3.211768038,-3.276758796,5.49326E+11,97.08772798,40.77272727
7/31/2020,Brazil,6.3,3.211768038,-3.276758796,5.49326E+11,95.51409114,43.2413637
8/31/2020,Brazil,6.92,3.211768038,-3.276758796,5.49326E+11,93.04428573,45.01999991
9/30/2020,Brazil,7.34,3.211768038,-3.276758796,5.49326E+11,93.43714287,41.867143
10/31/2020,Brazil,7.61,3.211768038,-3.276758796,5.49326E+11,93.4063634,41.52409103
11/30/2020,Brazil,7.62,3.211768038,-3.276758796,5.49326E+11,92.61950111,43.78900013
12/31/2020,Brazil,6.9,3.211768038,-3.276758796,5.49326E+11,90.51272722,50.21818196
1/31/2021,Brazil,7.58,8.301659756,4.762604379,5.71531E+11,90.22631555,55.35157916
2/28/2021,Brazil,8.19,8.301659756,4.762604379,5.71531E+11,90.6515788,62.22789423
3/31/2021,Brazil,8.89,8.301659756,4.762604379,5.71531E+11,92.00913039,65.70217381
4/30/2021,Brazil,9.125,8.301659756,4.762604379,5.71531E+11,91.58761887,65.3285715
5/31/2021,Brazil,8.77,8.301659756,4.762604379,5.71531E+11,90.31799965,68.25849991
6/30/2021,Brazil,9.115,8.301659756,4.762604379,5.71531E+11,91.03909128,73.40818162
7/31/2021,Brazil,9.12,8.301659756,4.762604379,5.71531E+11,92.52285803,74.15714337
8/31/2021,Brazil,10.55,8.301659756,4.762604379,5.71531E+11,92.79999958,70.51363616
9/30/2021,Brazil,11.165,8.301659756,4.762604379,5.71531E+11,92.99238041,75.00285594
10/31/2021,Brazil,12.245,8.301659756,4.762604379,5.71531E+11,93.951428,83.74619039
11/30/2021,Brazil,11.41,8.301659756,4.762604379,5.71531E+11,95.27095141,80.78428541
12/31/2021,Brazil,10.31,8.301659756,4.762604379,5.71531E+11,96.19000001,74.7431814
1/31/2022,Brazil,11.08,9.28010609,3.016694354,5.79468E+11,95.96649971,85.52699966
2/28/2022,Brazil,11.32,9.28010609,3.016694354,5.79468E+11,95.99684264,94.03368458
3/31/2022,Brazil,11.25,9.28010609,3.016694354,5.79468E+11,98.46695676,112.4630442
4/30/2022,Brazil,12.25,9.28010609,3.016694354,5.79468E+11,100.7084999,105.9169998
5/31/2022,Brazil,12.55,9.28010609,3.016694354,5.79468E+11,103.1676189,111.497143
6/30/2022,Brazil,13.05,9.28010609,3.016694354,5.79468E+11,103.8442862,117.66381
7/31/2022,Brazil,13.04,9.28010609,3.016694354,5.79468E+11,107.0335003,104.7049995
8/31/2022,Brazil,12.19,9.28010609,3.016694354,5.79468E+11,107.1495653,97.74086894
9/30/2022,Brazil,12,9.28010609,3.016694354,5.79468E+11,110.7433334,90.32476116
10/31/2022,Brazil,11.905,9.28010609,3.016694354,5.79468E+11,111.941428,93.59380958
11/30/2022,Brazil,12.81,9.28010609,3.016694354,5.79468E+11,108.1400005,91.11428579
12/31/2022,Brazil,12.76,9.28010609,3.016694354,5.79468E+11,104.5028567,81.34142848
1/31/2023,Brazil,13.07,4.593562823,3.241655329,6.07115E+11,102.7119991,83.87900009
2/28/2023,Brazil,13.31,4.593562823,3.241655329,6.07115E+11,103.66,83.5094733
3/31/2023,Brazil,12.822,4.593562823,3.241655329,6.07115E+11,103.7673914,79.20695628
4/30/2023,Brazil,12.364,4.593562823,3.241655329,6.07115E+11,101.7642099,83.36894788
5/31/2023,Brazil,11.553,4.593562823,3.241655329,6.07115E+11,102.701363,75.63227359
6/30/2023,Brazil,10.679,4.593562823,3.241655329,6.07115E+11,103.1119043,74.92571368
7/31/2023,Brazil,10.851,4.593562823,3.241655329,6.07115E+11,101.3274994,80.35549965
8/31/2023,Brazil,11.23,4.593562823,3.241655329,6.07115E+11,103.0965218,85.10434756
9/30/2023,Brazil,11.87,4.593562823,3.241655329,6.07115E+11,105.3314995,92.76649933
10/31/2023,Brazil,11.88,4.593562823,3.241655329,6.07115E+11,106.3531824,88.70409116
11/30/2023,Brazil,10.97,4.593562823,3.241655329,6.07115E+11,104.5280951,82.0277273
12/31/2023,Brazil,10.361,4.593562823,3.241655329,6.07115E+11,102.6830006,77.32399979
1/31/2024,Brazil,10.66,4.367464077,3.395866455,,102.974762,79.19714319
2/29/2024,Brazil,10.771,4.367464077,3.395866455,,104.104501,81.6239994
3/31/2024,Brazil,10.977,4.367464077,3.395866455,,103.6240009,84.6654995
4/30/2024,Brazil,11.795,4.367464077,3.395866455,,105.4118188,88.99999931
5/31/2024,Brazil,11.84,4.367464077,3.395866455,,104.9650008,82.99181851
6/30/2024,Brazil,12.33,4.367464077,3.395866455,,105.1668428,82.88947417
7/31/2024,Brazil,11.985,4.367464077,3.395866455,,104.6104546,83.71772731
8/31/2024,Brazil,12.19,4.367464077,3.395866455,,102.2127269,78.87500139
9/30/2024,Brazil,12.41,4.367464077,3.395866455,,101.0185001,72.63849945
10/31/2024,Brazil,12.85,4.367464077,3.395866455,,103.3113045,75.37695711
11/30/2024,Brazil,13.472,4.367464077,3.395866455,,105.8434998,73.40699997
12/31/2024,Brazil,15.145,4.367464077,3.395866455,,,
9/30/2010,Egypt,13,11.26518827,5.147234858,36803931990,81.08333297,78.49095226
10/31/2010,Egypt,13,11.26518827,5.147234858,36803931990,77.45999945,83.53619022
11/30/2010,Egypt,12.95,11.26518827,5.147234858,36803931990,78.37571462,86.1623804
12/31/2010,Egypt,13,11.26518827,5.147234858,36803931990,80.04909134,92.18590823
1/31/2011,Egypt,13,10.06492599,1.764571949,35208762811,79.14600029,96.78631592
2/28/2011,Egypt,13.063,10.06492599,1.764571949,35208762811,77.78263172,103.9421049
3/31/2011,Egypt,14.288,10.06492599,1.764571949,35208762811,76.28956604,114.6495451
4/30/2011,Egypt,14.6,10.06492599,1.764571949,35208762811,74.72449989,123.0505259
5/31/2011,Egypt,14,10.06492599,1.764571949,35208762811,74.94142841,114.5142862
6/30/2011,Egypt,13.75,10.06492599,1.764571949,35208762811,74.69363611,113.901818
7/31/2011,Egypt,13.85,10.06492599,1.764571949,35208762811,74.75699959,117.1182354
8/31/2011,Egypt,15.5,10.06492599,1.764571949,35208762811,74.23652185,109.9147615
9/30/2011,Egypt,15.25,10.06492599,1.764571949,35208762811,76.99047634,110.1945
10/31/2011,Egypt,15.5,10.06492599,1.764571949,35208762811,77.15428525,109.0895004
11/30/2011,Egypt,15.5,10.06492599,1.764571949,35208762811,77.89142899,110.822631
12/31/2011,Egypt,,10.06492599,1.764571949,35208762811,79.61142803,107.7228564
1/31/2012,Egypt,14.2,7.111729433,2.226199799,40061753452,80.26800041,111.4649998
2/29/2012,Egypt,15,7.111729433,2.226199799,40061753452,78.93149948,119.0105007
3/31/2012,Egypt,14.5,7.111729433,2.226199799,40061753452,79.53681807,124.544546
4/30/2012,Egypt,17,7.111729433,2.226199799,40061753452,79.40150032,120.4865002
5/31/2012,Egypt,17,7.111729433,2.226199799,40061753452,80.92545492,110.4331825
6/30/2012,Egypt,17,7.111729433,2.226199799,40061753452,82.22047715,95.92714328
7/31/2012,Egypt,17,7.111729433,2.226199799,40061753452,83.06761896,102.8642862
8/31/2012,Egypt,17,7.111729433,2.226199799,40061753452,82.16000034,112.6782611
9/30/2012,Egypt,17.25,7.111729433,2.226199799,40061753452,79.81421099,112.6147053
10/31/2012,Egypt,16.2,7.111729433,2.226199799,40061753452,79.70809501,111.6210528
11/30/2012,Egypt,16.7,7.111729433,2.226199799,40061753452,80.68523843,109.4620007
12/31/2012,Egypt,16.7,7.111729433,2.226199799,40061753452,79.75849991,109.302778
1/31/2013,Egypt,16.35,9.469719811,2.185466054,46534987115,79.8733328,112.2680958
2/28/2013,Egypt,16.45,9.469719811,2.185466054,46534987115,80.60526316,116.0826316
3/31/2013,Egypt,16.7,9.469719811,2.185466054,46534987115,82.62549973,109.5205259
4/30/2013,Egypt,16.7,9.469719811,2.185466054,46534987115,82.52500049,103.5668189
5/31/2013,Egypt,16.65,9.469719811,2.185466054,46534987115,83.21363622,103.2154551
6/30/2013,Egypt,16.65,9.469719811,2.185466054,46534987115,81.85049973,103.1426319
7/31/2013,Egypt,16.65,9.469719811,2.185466054,46534987115,82.78954627,107.4919048
8/31/2013,Egypt,16.4,9.469719811,2.185466054,46534987115,81.48181777,110.5119051
9/30/2013,Egypt,16.55,9.469719811,2.185466054,46534987115,81.15949898,111.3200005
10/31/2013,Egypt,16.1,9.469719811,2.185466054,46534987115,79.86652175,109.5022732
11/30/2013,Egypt,14.5,9.469719811,2.185466054,46534987115,80.84400024,107.7210533
12/31/2013,Egypt,14.5,9.469719811,2.185466054,46534987115,80.30666606,110.8540001
1/31/2014,Egypt,15.1,10.07021547,2.91591188,41772774971,80.80952417,107.1994995
2/28/2014,Egypt,15.05,10.07021547,2.91591188,41772774971,80.45736855,108.7061115
3/31/2014,Egypt,15.15,10.07021547,2.91591188,41772774971,79.87047686,107.8576188
4/30/2014,Egypt,15.4,10.07021547,2.91591188,41772774971,79.85333361,108.0519053
5/31/2014,Egypt,15.5,10.07021547,2.91591188,41772774971,79.94904727,109.2195242
6/30/2014,Egypt,15.45,10.07021547,2.91591188,41772774971,80.44238209,111.980476
7/31/2014,Egypt,15.85,10.07021547,2.91591188,41772774971,80.54772637,107.9859089
8/31/2014,Egypt,15.9,10.07021547,2.91591188,41772774971,81.86380949,103.3204756
9/30/2014,Egypt,15.95,10.07021547,2.91591188,41772774971,84.45904795,98.25380888
10/31/2014,Egypt,15.98,10.07021547,2.91591188,41772774971,85.6704347,87.97913062
11/30/2014,Egypt,15.98,10.07021547,2.91591188,41772774971,87.72842086,79.91210456
12/31/2014,Egypt,14.9,10.07021547,2.91591188,41772774971,89.15681735,63.20363652
1/31/2015,Egypt,14.65,10.37049034,4.372019078,49873938936,92.97700043,49.67999992
2/28/2015,Egypt,14.2,10.37049034,4.372019078,49873938936,94.45789337,58.44052626
3/31/2015,Egypt,14.45,10.37049034,4.372019078,49873938936,97.8781825,56.93499981
4/30/2015,Egypt,14.35,10.37049034,4.372019078,49873938936,97.59190478,60.96523775
5/31/2015,Egypt,14.55,10.37049034,4.372019078,49873938936,95.19200096,65.60099926
6/30/2015,Egypt,14.65,10.37049034,4.372019078,49873938936,95.17000025,63.70409029
7/31/2015,Egypt,15.5,10.37049034,4.372019078,49873938936,96.96227299,56.62181802
8/31/2015,Egypt,15.4,10.37049034,4.372019078,49873938936,96.37809499,48.21952384
9/30/2015,Egypt,15.1,10.37049034,4.372019078,49873938936,95.75809515,48.43333344
10/31/2015,Egypt,15.41,10.37049034,4.372019078,49873938936,95.71409087,49.21409121
11/30/2015,Egypt,15.25,10.37049034,4.372019078,49873938936,99.03300056,45.90700016
12/31/2015,Egypt,15.54,10.37049034,4.372019078,49873938936,98.33409049,38.90954521
1/31/2016,Egypt,15.77,13.81360621,4.346643456,69188517055,99.02300034,32.2121051
2/29/2016,Egypt,15.85,13.81360621,4.346643456,69188517055,97.09550018,33.55649996
3/31/2016,Egypt,17.15,13.81360621,4.346643456,69188517055,96.25954507,39.75136375
4/30/2016,Egypt,17.29,13.81360621,4.346643456,69188517055,94.40380932,43.38666644
5/31/2016,Egypt,17.24,13.81360621,4.346643456,69188517055,94.52190472,47.73904764
6/30/2016,Egypt,17.97,13.81360621,4.346643456,69188517055,94.67227208,49.92681816
7/31/2016,Egypt,17.81,13.81360621,4.346643456,69188517055,96.57250061,46.33099976
8/31/2016,Egypt,17.59,13.81360621,4.346643456,69188517055,95.38000024,47.17260825
9/30/2016,Egypt,17.5,13.81360621,4.346643456,69188517055,95.46523757,47.29809534
10/31/2016,Egypt,17.58,13.81360621,4.346643456,69188517055,97.73899918,51.21049976
11/30/2016,Egypt,17.02,13.81360621,4.346643456,69188517055,99.70550041,47.10850086
12/31/2016,Egypt,17.15,13.81360621,4.346643456,69188517055,102.0133325,54.71761885
1/31/2017,Egypt,17.35,29.50660839,4.181221,84587108845,101.1219997,55.42699985
2/28/2017,Egypt,16.95,29.50660839,4.181221,84587108845,100.6910533,55.92684274
3/31/2017,Egypt,17.42,29.50660839,4.181221,84587108845,100.7591297,52.50565189
4/30/2017,Egypt,17.13,29.50660839,4.181221,84587108845,100.0452628,53.81894704
5/31/2017,Egypt,18.58,29.50660839,4.181221,84587108845,98.26863653,51.34954556
6/30/2017,Egypt,18.37,29.50660839,4.181221,84587108845,96.94863684,47.5400004
7/31/2017,Egypt,17.81,29.50660839,4.181221,84587108845,94.86100082,49.1255003
8/31/2017,Egypt,16.84,29.50660839,4.181221,84587108845,93.17608643,51.90695638
9/30/2017,Egypt,15.45,29.50660839,4.181221,84587108845,92.32400055,55.65200024
10/31/2017,Egypt,15.65,29.50660839,4.181221,84587108845,93.71954484,57.64909068
11/30/2017,Egypt,16.21,29.50660839,4.181221,84587108845,93.99714406,62.87142853
12/31/2017,Egypt,16.18,29.50660839,4.181221,84587108845,93.38800011,64.06650028
1/31/2018,Egypt,14.75,14.40146578,5.331108619,99457163486,90.74476188,69.02238028
2/28/2018,Egypt,14.8,14.40146578,5.331108619,99457163486,89.73052617,65.70368415
3/31/2018,Egypt,14.825,14.40146578,5.331108619,99457163486,89.87619128,66.80904752
4/30/2018,Egypt,14.915,14.40146578,5.331108619,99457163486,90.29333278,71.76238069
5/31/2018,Egypt,15.32,14.40146578,5.331108619,99457163486,93.29954598,77.17681885
6/30/2018,Egypt,16.95,14.40146578,5.331108619,99457163486,94.37714277,75.97952379
7/31/2018,Egypt,17.11,14.40146578,5.331108619,99457163486,94.59761919,74.79523868
8/31/2018,Egypt,18.15,14.40146578,5.331108619,99457163486,95.48173954,73.92260808
9/30/2018,Egypt,18.72,14.40146578,5.331108619,99457163486,94.73947465,79.15999965
10/31/2018,Egypt,18.05,14.40146578,5.331108619,99457163486,95.85260939,80.62956636
11/30/2018,Egypt,17.8,14.40146578,5.331108619,99457163486,96.76142883,66.2328573
12/31/2018,Egypt,18.106,14.40146578,5.331108619,99457163486,96.87578984,57.47000022
1/31/2019,Egypt,17.75,9.152799593,5.552093072,1.1491E+11,95.9376188,60.12190501
2/28/2019,Egypt,17.6,9.152799593,5.552093072,1.1491E+11,96.458421,64.27631539
3/31/2019,Egypt,16.6,9.152799593,5.552093072,1.1491E+11,96.7828569,67.0276195
4/30/2019,Egypt,16.3,9.152799593,5.552093072,1.1491E+11,97.35857173,71.62857237
5/31/2019,Egypt,15.964,9.152799593,5.552093072,1.1491E+11,97.74181782,70.31181821
6/30/2019,Egypt,15.73,9.152799593,5.552093072,1.1491E+11,96.80450058,63.03800011
7/31/2019,Egypt,15.73,9.152799593,5.552093072,1.1491E+11,97.36590923,64.25636396
8/31/2019,Egypt,14.71,9.152799593,5.552093072,1.1491E+11,98.00454504,59.50181805
9/30/2019,Egypt,13.9,9.152799593,5.552093072,1.1491E+11,98.59999962,62.46849995
10/31/2019,Egypt,14.16,9.152799593,5.552093072,1.1491E+11,98.17304362,59.63217329
11/30/2019,Egypt,13.883,9.152799593,5.552093072,1.1491E+11,98.06499977,62.65149975
12/31/2019,Egypt,13.702,9.152799593,5.552093072,1.1491E+11,97.37666684,65.17380887
1/31/2020,Egypt,13.65,5.04493289,3.550164838,1.32539E+11,97.43619029,63.59999993
2/29/2020,Egypt,13.65,5.04493289,3.550164838,1.32539E+11,98.84315852,55.36210532
3/31/2020,Egypt,14.954,5.04493289,3.550164838,1.32539E+11,98.83500047,33.72909112
4/30/2020,Egypt,13.6,5.04493289,3.550164838,1.32539E+11,99.91285706,26.63142867
5/31/2020,Egypt,13.997,5.04493289,3.550164838,1.32539E+11,99.55300026,32.25600023
6/30/2020,Egypt,13.911,5.04493289,3.550164838,1.32539E+11,97.08772798,40.77272727
7/31/2020,Egypt,14.459,5.04493289,3.550164838,1.32539E+11,95.51409114,43.2413637
8/31/2020,Egypt,14.747,5.04493289,3.550164838,1.32539E+11,93.04428573,45.01999991
9/30/2020,Egypt,14.578,5.04493289,3.550164838,1.32539E+11,93.43714287,41.867143
10/31/2020,Egypt,14.687,5.04493289,3.550164838,1.32539E+11,93.4063634,41.52409103
11/30/2020,Egypt,14.478,5.04493289,3.550164838,1.32539E+11,92.61950111,43.78900013
12/31/2020,Egypt,14.481,5.04493289,3.550164838,1.32539E+11,90.51272722,50.21818196
1/31/2021,Egypt,14.481,5.214049405,3.290646012,1.45998E+11,90.22631555,55.35157916
2/28/2021,Egypt,14.649,5.214049405,3.290646012,1.45998E+11,90.6515788,62.22789423
3/31/2021,Egypt,14.915,5.214049405,3.290646012,1.45998E+11,92.00913039,65.70217381
4/30/2021,Egypt,14.853,5.214049405,3.290646012,1.45998E+11,91.58761887,65.3285715
5/31/2021,Egypt,14.894,5.214049405,3.290646012,1.45998E+11,90.31799965,68.25849991
6/30/2021,Egypt,14.823,5.214049405,3.290646012,1.45998E+11,91.03909128,73.40818162
7/31/2021,Egypt,15.316,5.214049405,3.290646012,1.45998E+11,92.52285803,74.15714337
8/31/2021,Egypt,15.272,5.214049405,3.290646012,1.45998E+11,92.79999958,70.51363616
9/30/2021,Egypt,14.88,5.214049405,3.290646012,1.45998E+11,92.99238041,75.00285594
10/31/2021,Egypt,14.913,5.214049405,3.290646012,1.45998E+11,93.951428,83.74619039
11/30/2021,Egypt,14.915,5.214049405,3.290646012,1.45998E+11,95.27095141,80.78428541
12/31/2021,Egypt,14.893,5.214049405,3.290646012,1.45998E+11,96.19000001,74.7431814
1/31/2022,Egypt,14.893,13.89566098,6.587845609,1.63092E+11,95.96649971,85.52699966
2/28/2022,Egypt,14.891,13.89566098,6.587845609,1.63092E+11,95.99684264,94.03368458
3/31/2022,Egypt,15.51,13.89566098,6.587845609,1.63092E+11,98.46695676,112.4630442
4/30/2022,Egypt,15.27,13.89566098,6.587845609,1.63092E+11,100.7084999,105.9169998
5/31/2022,Egypt,17.28,13.89566098,6.587845609,1.63092E+11,103.1676189,111.497143
6/30/2022,Egypt,16.65,13.89566098,6.587845609,1.63092E+11,103.8442862,117.66381
7/31/2022,Egypt,17.55,13.89566098,6.587845609,1.63092E+11,107.0335003,104.7049995
8/31/2022,Egypt,18.17,13.89566098,6.587845609,1.63092E+11,107.1495653,97.74086894
9/30/2022,Egypt,18.31,13.89566098,6.587845609,1.63092E+11,110.7433334,90.32476116
10/31/2022,Egypt,18.03,13.89566098,6.587845609,1.63092E+11,111.941428,93.59380958
11/30/2022,Egypt,18.55,13.89566098,6.587845609,1.63092E+11,108.1400005,91.11428579
12/31/2022,Egypt,18.3,13.89566098,6.587845609,1.63092E+11,104.5028567,81.34142848
1/31/2023,Egypt,19.87,33.88477631,3.760280523,1.68062E+11,102.7119991,83.87900009
2/28/2023,Egypt,21.1,33.88477631,3.760280523,1.68062E+11,103.66,83.5094733
3/31/2023,Egypt,22.42,33.88477631,3.760280523,1.68062E+11,103.7673914,79.20695628
4/30/2023,Egypt,23.53,33.88477631,3.760280523,1.68062E+11,101.7642099,83.36894788
5/31/2023,Egypt,23.98,33.88477631,3.760280523,1.68062E+11,102.701363,75.63227359
6/30/2023,Egypt,22.73,33.88477631,3.760280523,1.68062E+11,103.1119043,74.92571368
7/31/2023,Egypt,23.21,33.88477631,3.760280523,1.68062E+11,101.3274994,80.35549965
8/31/2023,Egypt,24,33.88477631,3.760280523,1.68062E+11,103.0965218,85.10434756
9/30/2023,Egypt,23.97,33.88477631,3.760280523,1.68062E+11,105.3314995,92.76649933
10/31/2023,Egypt,24.87,33.88477631,3.760280523,1.68062E+11,106.3531824,88.70409116
11/30/2023,Egypt,24.65,33.88477631,3.760280523,1.68062E+11,104.5280951,82.0277273
12/31/2023,Egypt,25.08,33.88477631,3.760280523,1.68062E+11,102.6830006,77.32399979
1/31/2024,Egypt,26.75,28.27058993,2.399169268,,102.974762,79.19714319
2/29/2024,Egypt,27.35,28.27058993,2.399169268,,104.104501,81.6239994
3/31/2024,Egypt,28.68,28.27058993,2.399169268,,103.6240009,84.6654995
4/30/2024,Egypt,27.65,28.27058993,2.399169268,,105.4118188,88.99999931
5/31/2024,Egypt,25.28,28.27058993,2.399169268,,104.9650008,82.99181851
6/30/2024,Egypt,23.78,28.27058993,2.399169268,,105.1668428,82.88947417
7/31/2024,Egypt,23.83,28.27058993,2.399169268,,104.6104546,83.71772731
8/31/2024,Egypt,22.09,28.27058993,2.399169268,,102.2127269,78.87500139
9/30/2024,Egypt,23.5,28.27058993,2.399169268,,101.0185001,72.63849945
10/31/2024,Egypt,23.78,28.27058993,2.399169268,,103.3113045,75.37695711
11/30/2024,Egypt,24.46,28.27058993,2.399169268,,105.8434998,73.40699997
12/31/2024,Egypt,24.96,28.27058993,2.399169268,,,
3/31/1998,India,12.086,,,,,
4/30/1998,India,11.781,,,,,
5/31/1998,India,12.049,,,,,
6/30/1998,India,12.117,,,,,
7/31/1998,India,12.2,,,,,
8/31/1998,India,12.241,,,,,
9/30/1998,India,12.287,,,,,
10/31/1998,India,12.302,,,,,
11/30/1998,India,12.221,,,,,
12/31/1998,India,12.213,,,,,
1/31/1999,India,12.219,,,,,
2/28/1999,India,12.223,,,,,
3/31/1999,India,11.994,,,,,
4/30/1999,India,11.886,,,,,
5/31/1999,India,11.7,,,,,
6/30/1999,India,11.851,,,,,
7/31/1999,India,11.673,,,,,
8/31/1999,India,11.588,,,,,
9/30/1999,India,11.634,,,,,
10/31/1999,India,11.521,,,,,
11/30/1999,India,11.384,,,,,
12/31/1999,India,11.197,,,,,
1/31/2000,India,10.897,,,,,
2/29/2000,India,10.405,,,,,
3/31/2000,India,10.756,,,,,
4/30/2000,India,10.364,,,,,
5/31/2000,India,10.827,,,,,
6/30/2000,India,11.059,,,,,
7/31/2000,India,11.354,,,,,
8/31/2000,India,11.505,,,,,
9/30/2000,India,11.54,,,,,
10/31/2000,India,11.6,,,,,
11/30/2000,India,11.348,,,,,
12/31/2000,India,10.884,,,,,
1/31/2001,India,10.424,,,,,
2/28/2001,India,10.078,,,,,
3/31/2001,India,10.333,,,,,
4/30/2001,India,10.125,,,,,
5/31/2001,India,9.762,,,,,
6/30/2001,India,9.501,,,,,
7/31/2001,India,9.363,,,,,
8/31/2001,India,9.114,,,,,
9/30/2001,India,9.122,,,,,
10/31/2001,India,8.8,,,,,
11/30/2001,India,7.88,,,,,
12/31/2001,India,7.939,,,,,
1/31/2002,India,7.669,,,,,
2/28/2002,India,7.627,,,,,
3/31/2002,India,7.359,,,,,
4/30/2002,India,7.41,,,,,
5/31/2002,India,7.723,,,,,
6/30/2002,India,7.485,,,,,
7/31/2002,India,7.308,,,,,
8/31/2002,India,7.161,,,,,
9/30/2002,India,7.168,,,,,
10/31/2002,India,6.925,,,,,
11/30/2002,India,6.425,,,,,
12/31/2002,India,6.083,,,,,
1/31/2003,India,6.323,,,,,
2/28/2003,India,5.966,,,,,
3/31/2003,India,6.127,,,,,
4/30/2003,India,5.882,,,,,
5/31/2003,India,5.797,,,,,
6/30/2003,India,5.728,,,,,
7/31/2003,India,5.616,,,,,
8/31/2003,India,5.264,,,,,
9/30/2003,India,5.174,,,,,
10/31/2003,India,5.1,,,,,
11/30/2003,India,5.158,,,,,
12/31/2003,India,5.122,,,,,
1/31/2004,India,5.223,,,,,
2/29/2004,India,5.261,,,,,
3/31/2004,India,5.147,,,,,
4/30/2004,India,5.117,,,,,
5/31/2004,India,5.274,,,,,
6/30/2004,India,5.85,,,,,
7/31/2004,India,6.137,,,,,
8/31/2004,India,6.089,,,,,
9/30/2004,India,6.244,,,,,
10/31/2004,India,6.932,,,,,
11/30/2004,India,7.197,,,,,
12/31/2004,India,6.706,,,,,
1/31/2005,India,6.703,,,,,
2/28/2005,India,6.549,,,,,
3/31/2005,India,6.676,,,,,
4/30/2005,India,7.357,,,,,
5/31/2005,India,6.979,,,,,
6/30/2005,India,6.907,,,,,
7/31/2005,India,6.994,,,,,
8/31/2005,India,7.094,,,,,
9/30/2005,India,7.101,,,,,
10/31/2005,India,7.099,,,,,
11/30/2005,India,7.083,,,,,
12/31/2005,India,7.11,,,,,
1/31/2006,India,7.372,,,,,
2/28/2006,India,7.393,,,,,
3/31/2006,India,7.55,,,,,
4/30/2006,India,7.39,,,,,
5/31/2006,India,7.659,,,,,
6/30/2006,India,8.151,,,,,
7/31/2006,India,8.238,,,,,
8/31/2006,India,7.891,,,,,
9/30/2006,India,7.642,,,,,
10/31/2006,India,7.625,,,,,
11/30/2006,India,7.424,,,,,
12/31/2006,India,7.619,,,,,
1/31/2007,India,7.738,,,,,
2/28/2007,India,8,,,,,
3/31/2007,India,8.022,,,,,
4/30/2007,India,8.173,,,,,
5/31/2007,India,8.08,,,,,
6/30/2007,India,8.187,,,,,
7/31/2007,India,7.845,,,,,
8/31/2007,India,7.93,,,,,
9/30/2007,India,7.925,,,,,
10/31/2007,India,7.839,,,,,
11/30/2007,India,7.905,,,,,
12/31/2007,India,7.791,,,,,
1/31/2008,India,7.529,,,,,
2/29/2008,India,7.568,,,,,
3/31/2008,India,7.938,,,,,
4/30/2008,India,7.956,,,,,
5/31/2008,India,8.101,,,,,
6/30/2008,India,8.713,,,,,
7/31/2008,India,9.316,,,,,
8/31/2008,India,8.7,,,,,
9/30/2008,India,8.617,,,,,
10/31/2008,India,7.478,,,,,
11/30/2008,India,7.08,,,,,
12/31/2008,India,5.26,,,,,
1/31/2009,India,6.187,,,,,
2/28/2009,India,6.328,,,,,
3/31/2009,India,7.014,,,,,
4/30/2009,India,6.242,,,,,
5/31/2009,India,6.71,,,,,
6/30/2009,India,7.013,,,,,
7/31/2009,India,6.998,,,,,
8/31/2009,India,7.434,,,,,
9/30/2009,India,7.215,,,,,
10/31/2009,India,7.306,,,,,
11/30/2009,India,7.257,,,,,
12/31/2009,India,7.679,,,,,
1/31/2010,India,7.591,11.98938992,8.497584702,2.90428E+11,77.84052638,77.00842124
2/28/2010,India,7.864,11.98938992,8.497584702,2.90428E+11,80.15578943,74.90999925
3/31/2010,India,7.85,11.98938992,8.497584702,2.90428E+11,80.67130445,79.93130427
4/30/2010,India,8.061,11.98938992,8.497584702,2.90428E+11,81.23285748,85.75380961
5/31/2010,India,7.564,11.98938992,8.497584702,2.90428E+11,85.36150055,76.6647367
6/30/2010,India,7.561,11.98938992,8.497584702,2.90428E+11,86.57500042,75.54863566
7/31/2010,India,7.803,11.98938992,8.497584702,2.90428E+11,83.07047562,75.50899964
8/31/2010,India,7.936,11.98938992,8.497584702,2.90428E+11,82.1490912,77.11499994
9/30/2010,India,7.852,11.98938992,8.497584702,2.90428E+11,81.08333297,78.49095226
10/31/2010,India,8.121,11.98938992,8.497584702,2.90428E+11,77.45999945,83.53619022
11/30/2010,India,8.066,11.98938992,8.497584702,2.90428E+11,78.37571462,86.1623804
12/31/2010,India,7.913,11.98938992,8.497584702,2.90428E+11,80.04909134,92.18590823
1/31/2011,India,8.148,8.911793365,5.241316199,3.34399E+11,79.14600029,96.78631592
2/28/2011,India,7.992,8.911793365,5.241316199,3.34399E+11,77.78263172,103.9421049
3/31/2011,India,7.985,8.911793365,5.241316199,3.34399E+11,76.28956604,114.6495451
4/30/2011,India,8.135,8.911793365,5.241316199,3.34399E+11,74.72449989,123.0505259
5/31/2011,India,8.411,8.911793365,5.241316199,3.34399E+11,74.94142841,114.5142862
6/30/2011,India,8.326,8.911793365,5.241316199,3.34399E+11,74.69363611,113.901818
7/31/2011,India,8.454,8.911793365,5.241316199,3.34399E+11,74.75699959,117.1182354
8/31/2011,India,8.319,8.911793365,5.241316199,3.34399E+11,74.23652185,109.9147615
9/30/2011,India,8.442,8.911793365,5.241316199,3.34399E+11,76.99047634,110.1945
10/31/2011,India,8.879,8.911793365,5.241316199,3.34399E+11,77.15428525,109.0895004
11/30/2011,India,8.738,8.911793365,5.241316199,3.34399E+11,77.89142899,110.822631
12/31/2011,India,8.56,8.911793365,5.241316199,3.34399E+11,79.61142803,107.7228564
1/31/2012,India,8.267,9.478996914,5.456387552,3.92576E+11,80.26800041,111.4649998
2/29/2012,India,8.199,9.478996914,5.456387552,3.92576E+11,78.93149948,119.0105007
3/31/2012,India,8.572,9.478996914,5.456387552,3.92576E+11,79.53681807,124.544546
4/30/2012,India,8.671,9.478996914,5.456387552,3.92576E+11,79.40150032,120.4865002
5/31/2012,India,8.377,9.478996914,5.456387552,3.92576E+11,80.92545492,110.4331825
6/30/2012,India,8.38,9.478996914,5.456387552,3.92576E+11,82.22047715,95.92714328
7/31/2012,India,8.245,9.478996914,5.456387552,3.92576E+11,83.06761896,102.8642862
8/31/2012,India,8.241,9.478996914,5.456387552,3.92576E+11,82.16000034,112.6782611
9/30/2012,India,8.149,9.478996914,5.456387552,3.92576E+11,79.81421099,112.6147053
10/31/2012,India,8.215,9.478996914,5.456387552,3.92576E+11,79.70809501,111.6210528
11/30/2012,India,8.175,9.478996914,5.456387552,3.92576E+11,80.68523843,109.4620007
12/31/2012,India,8.049,9.478996914,5.456387552,3.92576E+11,79.75849991,109.302778
1/31/2013,India,7.912,10.01787847,6.386106401,4.27245E+11,79.8733328,112.2680958
2/28/2013,India,7.872,10.01787847,6.386106401,4.27245E+11,80.60526316,116.0826316
3/31/2013,India,7.951,10.01787847,6.386106401,4.27245E+11,82.62549973,109.5205259
4/30/2013,India,7.731,10.01787847,6.386106401,4.27245E+11,82.52500049,103.5668189
5/31/2013,India,7.443,10.01787847,6.386106401,4.27245E+11,83.21363622,103.2154551
6/30/2013,India,7.439,10.01787847,6.386106401,4.27245E+11,81.85049973,103.1426319
7/31/2013,India,8.172,10.01787847,6.386106401,4.27245E+11,82.78954627,107.4919048
8/31/2013,India,8.596,10.01787847,6.386106401,4.27245E+11,81.48181777,110.5119051
9/30/2013,India,8.766,10.01787847,6.386106401,4.27245E+11,81.15949898,111.3200005
10/31/2013,India,8.625,10.01787847,6.386106401,4.27245E+11,79.86652175,109.5022732
11/30/2013,India,9.044,10.01787847,6.386106401,4.27245E+11,80.84400024,107.7210533
12/31/2013,India,8.82,10.01787847,6.386106401,4.27245E+11,80.30666606,110.8540001
1/31/2014,India,8.77,6.665656719,7.410227605,4.57507E+11,80.80952417,107.1994995
2/28/2014,India,8.862,6.665656719,7.410227605,4.57507E+11,80.45736855,108.7061115
3/31/2014,India,8.804,6.665656719,7.410227605,4.57507E+11,79.87047686,107.8576188
4/30/2014,India,8.828,6.665656719,7.410227605,4.57507E+11,79.85333361,108.0519053
5/31/2014,India,8.645,6.665656719,7.410227605,4.57507E+11,79.94904727,109.2195242
6/30/2014,India,8.744,6.665656719,7.410227605,4.57507E+11,80.44238209,111.980476
7/31/2014,India,8.718,6.665656719,7.410227605,4.57507E+11,80.54772637,107.9859089
8/31/2014,India,8.559,6.665656719,7.410227605,4.57507E+11,81.86380949,103.3204756
9/30/2014,India,8.511,6.665656719,7.410227605,4.57507E+11,84.45904795,98.25380888
10/31/2014,India,8.278,6.665656719,7.410227605,4.57507E+11,85.6704347,87.97913062
11/30/2014,India,8.087,6.665656719,7.410227605,4.57507E+11,87.72842086,79.91210456
12/31/2014,India,7.855,6.665656719,7.410227605,4.57507E+11,89.15681735,63.20363652
1/31/2015,India,7.691,4.906973441,7.996253786,4.78831E+11,92.97700043,49.67999992
2/28/2015,India,7.724,4.906973441,7.996253786,4.78831E+11,94.45789337,58.44052626
3/31/2015,India,7.738,4.906973441,7.996253786,4.78831E+11,97.8781825,56.93499981
4/30/2015,India,7.86,4.906973441,7.996253786,4.78831E+11,97.59190478,60.96523775
5/31/2015,India,7.815,4.906973441,7.996253786,4.78831E+11,95.19200096,65.60099926
6/30/2015,India,7.861,4.906973441,7.996253786,4.78831E+11,95.17000025,63.70409029
7/31/2015,India,7.806,4.906973441,7.996253786,4.78831E+11,96.96227299,56.62181802
8/31/2015,India,7.784,4.906973441,7.996253786,4.78831E+11,96.37809499,48.21952384
9/30/2015,India,7.539,4.906973441,7.996253786,4.78831E+11,95.75809515,48.43333344
10/31/2015,India,7.64,4.906973441,7.996253786,4.78831E+11,95.71409087,49.21409121
11/30/2015,India,7.786,4.906973441,7.996253786,4.78831E+11,99.03300056,45.90700016
12/31/2015,India,7.758,4.906973441,7.996253786,4.78831E+11,98.33409049,38.90954521
1/31/2016,India,7.779,4.948216341,8.256305502,4.55542E+11,99.02300034,32.2121051
2/29/2016,India,7.623,4.948216341,8.256305502,4.55542E+11,97.09550018,33.55649996
3/31/2016,India,7.459,4.948216341,8.256305502,4.55542E+11,96.25954507,39.75136375
4/30/2016,India,7.435,4.948216341,8.256305502,4.55542E+11,94.40380932,43.38666644
5/31/2016,India,7.471,4.948216341,8.256305502,4.55542E+11,94.52190472,47.73904764
6/30/2016,India,7.448,4.948216341,8.256305502,4.55542E+11,94.67227208,49.92681816
7/31/2016,India,7.163,4.948216341,8.256305502,4.55542E+11,96.57250061,46.33099976
8/31/2016,India,7.11,4.948216341,8.256305502,4.55542E+11,95.38000024,47.17260825
9/30/2016,India,6.958,4.948216341,8.256305502,4.55542E+11,95.46523757,47.29809534
10/31/2016,India,6.885,4.948216341,8.256305502,4.55542E+11,97.73899918,51.21049976
11/30/2016,India,6.243,4.948216341,8.256305502,4.55542E+11,99.70550041,47.10850086
12/31/2016,India,6.512,4.948216341,8.256305502,4.55542E+11,102.0133325,54.71761885
1/31/2017,India,6.407,3.328173375,6.795383419,5.11576E+11,101.1219997,55.42699985
2/28/2017,India,6.87,3.328173375,6.795383419,5.11576E+11,100.6910533,55.92684274
3/31/2017,India,6.658,3.328173375,6.795383419,5.11576E+11,100.7591297,52.50565189
4/30/2017,India,6.961,3.328173375,6.795383419,5.11576E+11,100.0452628,53.81894704
5/31/2017,India,6.661,3.328173375,6.795383419,5.11576E+11,98.26863653,51.34954556
6/30/2017,India,6.511,3.328173375,6.795383419,5.11576E+11,96.94863684,47.5400004
7/31/2017,India,6.465,3.328173375,6.795383419,5.11576E+11,94.86100082,49.1255003
8/31/2017,India,6.525,3.328173375,6.795383419,5.11576E+11,93.17608643,51.90695638
9/30/2017,India,6.663,3.328173375,6.795383419,5.11576E+11,92.32400055,55.65200024
10/31/2017,India,6.862,3.328173375,6.795383419,5.11576E+11,93.71954484,57.64909068
11/30/2017,India,7.058,3.328173375,6.795383419,5.11576E+11,93.99714406,62.87142853
12/31/2017,India,7.326,3.328173375,6.795383419,5.11576E+11,93.38800011,64.06650028
1/31/2018,India,7.43,3.938826467,6.453851345,5.21176E+11,90.74476188,69.02238028
2/28/2018,India,7.726,3.938826467,6.453851345,5.21176E+11,89.73052617,65.70368415
3/31/2018,India,7.398,3.938826467,6.453851345,5.21176E+11,89.87619128,66.80904752
4/30/2018,India,7.767,3.938826467,6.453851345,5.21176E+11,90.29333278,71.76238069
5/31/2018,India,7.826,3.938826467,6.453851345,5.21176E+11,93.29954598,77.17681885
6/30/2018,India,7.903,3.938826467,6.453851345,5.21176E+11,94.37714277,75.97952379
7/31/2018,India,7.772,3.938826467,6.453851345,5.21176E+11,94.59761919,74.79523868
8/31/2018,India,7.951,3.938826467,6.453851345,5.21176E+11,95.48173954,73.92260808
9/30/2018,India,8.024,3.938826467,6.453851345,5.21176E+11,94.73947465,79.15999965
10/31/2018,India,7.853,3.938826467,6.453851345,5.21176E+11,95.85260939,80.62956636
11/30/2018,India,7.607,3.938826467,6.453851345,5.21176E+11,96.76142883,66.2328573
12/31/2018,India,7.37,3.938826467,6.453851345,5.21176E+11,96.87578984,57.47000022
1/31/2019,India,7.483,3.729505735,3.871436941,5.61017E+11,95.9376188,60.12190501
2/28/2019,India,7.591,3.729505735,3.871436941,5.61017E+11,96.458421,64.27631539
3/31/2019,India,7.346,3.729505735,3.871436941,5.61017E+11,96.7828569,67.0276195
4/30/2019,India,7.414,3.729505735,3.871436941,5.61017E+11,97.35857173,71.62857237
5/31/2019,India,7.032,3.729505735,3.871436941,5.61017E+11,97.74181782,70.31181821
6/30/2019,India,6.879,3.729505735,3.871436941,5.61017E+11,96.80450058,63.03800011
7/31/2019,India,6.369,3.729505735,3.871436941,5.61017E+11,97.36590923,64.25636396
8/31/2019,India,6.556,3.729505735,3.871436941,5.61017E+11,98.00454504,59.50181805
9/30/2019,India,6.695,3.729505735,3.871436941,5.61017E+11,98.59999962,62.46849995
10/31/2019,India,6.643,3.729505735,3.871436941,5.61017E+11,98.17304362,59.63217329
11/30/2019,India,6.46,3.729505735,3.871436941,5.61017E+11,98.06499977,62.65149975
12/31/2019,India,6.554,3.729505735,3.871436941,5.61017E+11,97.37666684,65.17380887
1/31/2020,India,6.599,6.623436776,-5.777724707,5.64979E+11,97.43619029,63.59999993
2/29/2020,India,6.371,6.623436776,-5.777724707,5.64979E+11,98.84315852,55.36210532
3/31/2020,India,6.138,6.623436776,-5.777724707,5.64979E+11,98.83500047,33.72909112
4/30/2020,India,6.11,6.623436776,-5.777724707,5.64979E+11,99.91285706,26.63142867
5/31/2020,India,6.013,6.623436776,-5.777724707,5.64979E+11,99.55300026,32.25600023
6/30/2020,India,5.888,6.623436776,-5.777724707,5.64979E+11,97.08772798,40.77272727
7/31/2020,India,5.837,6.623436776,-5.777724707,5.64979E+11,95.51409114,43.2413637
8/31/2020,India,6.078,6.623436776,-5.777724707,5.64979E+11,93.04428573,45.01999991
9/30/2020,India,6.015,6.623436776,-5.777724707,5.64979E+11,93.43714287,41.867143
10/31/2020,India,5.881,6.623436776,-5.777724707,5.64979E+11,93.4063634,41.52409103
11/30/2020,India,5.911,6.623436776,-5.777724707,5.64979E+11,92.61950111,43.78900013
12/31/2020,India,5.894,6.623436776,-5.777724707,5.64979E+11,90.51272722,50.21818196
1/31/2021,India,5.949,5.131407472,9.689592492,6.11987E+11,90.22631555,55.35157916
2/28/2021,India,6.229,5.131407472,9.689592492,6.11987E+11,90.6515788,62.22789423
3/31/2021,India,6.177,5.131407472,9.689592492,6.11987E+11,92.00913039,65.70217381
4/30/2021,India,6.03,5.131407472,9.689592492,6.11987E+11,91.58761887,65.3285715
5/31/2021,India,6.022,5.131407472,9.689592492,6.11987E+11,90.31799965,68.25849991
6/30/2021,India,6.051,5.131407472,9.689592492,6.11987E+11,91.03909128,73.40818162
7/31/2021,India,6.204,5.131407472,9.689592492,6.11987E+11,92.52285803,74.15714337
8/31/2021,India,6.215,5.131407472,9.689592492,6.11987E+11,92.79999958,70.51363616
9/30/2021,India,6.223,5.131407472,9.689592492,6.11987E+11,92.99238041,75.00285594
10/31/2021,India,6.388,5.131407472,9.689592492,6.11987E+11,93.951428,83.74619039
11/30/2021,India,6.326,5.131407472,9.689592492,6.11987E+11,95.27095141,80.78428541
12/31/2021,India,6.454,5.131407472,9.689592492,6.11987E+11,96.19000001,74.7431814
1/31/2022,India,6.684,6.699034141,7.609364978,6.15516E+11,95.96649971,85.52699966
2/28/2022,India,6.77,6.699034141,7.609364978,6.15516E+11,95.99684264,94.03368458
3/31/2022,India,6.843,6.699034141,7.609364978,6.15516E+11,98.46695676,112.4630442
4/30/2022,India,7.139,6.699034141,7.609364978,6.15516E+11,100.7084999,105.9169998
5/31/2022,India,7.415,6.699034141,7.609364978,6.15516E+11,103.1676189,111.497143
6/30/2022,India,7.45,6.699034141,7.609364978,6.15516E+11,103.8442862,117.66381
7/31/2022,India,7.32,6.699034141,7.609364978,6.15516E+11,107.0335003,104.7049995
8/31/2022,India,7.188,6.699034141,7.609364978,6.15516E+11,107.1495653,97.74086894
9/30/2022,India,7.398,6.699034141,7.609364978,6.15516E+11,110.7433334,90.32476116
10/31/2022,India,7.445,6.699034141,7.609364978,6.15516E+11,111.941428,93.59380958
11/30/2022,India,7.28,6.699034141,7.609364978,6.15516E+11,108.1400005,91.11428579
12/31/2022,India,7.327,6.699034141,7.609364978,6.15516E+11,104.5028567,81.34142848
1/31/2023,India,7.343,5.649143189,9.19075493,6.46787E+11,102.7119991,83.87900009
2/28/2023,India,7.457,5.649143189,9.19075493,6.46787E+11,103.66,83.5094733
3/31/2023,India,7.315,5.649143189,9.19075493,6.46787E+11,103.7673914,79.20695628
4/30/2023,India,7.116,5.649143189,9.19075493,6.46787E+11,101.7642099,83.36894788
5/31/2023,India,6.989,5.649143189,9.19075493,6.46787E+11,102.701363,75.63227359
6/30/2023,India,7.11,5.649143189,9.19075493,6.46787E+11,103.1119043,74.92571368
7/31/2023,India,7.172,5.649143189,9.19075493,6.46787E+11,101.3274994,80.35549965
8/31/2023,India,7.166,5.649143189,9.19075493,6.46787E+11,103.0965218,85.10434756
9/30/2023,India,7.21,5.649143189,9.19075493,6.46787E+11,105.3314995,92.76649933
10/31/2023,India,7.351,5.649143189,9.19075493,6.46787E+11,106.3531824,88.70409116
11/30/2023,India,7.279,5.649143189,9.19075493,6.46787E+11,104.5280951,82.0277273
12/31/2023,India,7.176,5.649143189,9.19075493,6.46787E+11,102.6830006,77.32399979
1/1/2024,India,,4.95303551,6.48422363,,,
1/2/2024,India,,4.95303551,6.48422363,,,
1/3/2024,India,,4.95303551,6.48422363,,,
1/4/2024,India,,4.95303551,6.48422363,,,
1/5/2024,India,,4.95303551,6.48422363,,,
1/6/2024,India,,4.95303551,6.48422363,,,
1/7/2024,India,,4.95303551,6.48422363,,,
1/8/2024,India,,4.95303551,6.48422363,,,
1/9/2024,India,,4.95303551,6.48422363,,,
1/10/2024,India,,4.95303551,6.48422363,,,
1/11/2024,India,,4.95303551,6.48422363,,,
1/12/2024,India,,4.95303551,6.48422363,,,
6/30/1995,South Africa,16.69,,,,,
7/31/1995,South Africa,16.42,,,,,
8/31/1995,South Africa,15.64,,,,,
9/30/1995,South Africa,15.14,,,,,
10/31/1995,South Africa,14.87,,,,,
11/30/1995,South Africa,14.48,,,,,
12/31/1995,South Africa,14.3,,,,,
1/31/1996,South Africa,13.71,,,,,
2/29/1996,South Africa,14.65,,,,,
3/31/1996,South Africa,15.25,,,,,
4/30/1996,South Africa,16.16,,,,,
5/31/1996,South Africa,16.19,,,,,
6/30/1996,South Africa,14.99,,,,,
7/31/1996,South Africa,15.86,,,,,
8/31/1996,South Africa,15.52,,,,,
9/30/1996,South Africa,15.51,,,,,
10/31/1996,South Africa,16.22,,,,,
11/30/1996,South Africa,16.12,,,,,
12/31/1996,South Africa,16.27,,,,,
1/31/1997,South Africa,15.37,,,,,
2/28/1997,South Africa,15.11,,,,,
3/31/1997,South Africa,15.31,,,,,
4/30/1997,South Africa,14.91,,,,,
5/31/1997,South Africa,14.97,,,,,
6/30/1997,South Africa,14.41,,,,,
7/31/1997,South Africa,,,,,,
8/31/1997,South Africa,,,,,,
9/30/1997,South Africa,,,,,,
10/31/1997,South Africa,13.87,,,,,
11/30/1997,South Africa,14.5,,,,,
12/31/1997,South Africa,14.31,,,,,
1/31/1998,South Africa,13.77,,,,,
2/28/1998,South Africa,13.49,,,,,
3/31/1998,South Africa,13.3,,,,,
4/30/1998,South Africa,13.065,,,,,
5/31/1998,South Africa,14.12,,,,,
6/30/1998,South Africa,15.425,,,,,
7/31/1998,South Africa,15.755,,,,,
8/31/1998,South Africa,20.24,,,,,
9/30/1998,South Africa,18.02,,,,,
10/31/1998,South Africa,16.28,,,,,
11/30/1998,South Africa,16.59,,,,,
12/31/1998,South Africa,16.42,,,,,
1/31/1999,South Africa,16.16,,,,,
2/28/1999,South Africa,14.82,,,,,
3/31/1999,South Africa,14.865,,,,,
4/30/1999,South Africa,,,,,,
5/31/1999,South Africa,15.17,,,,,
6/30/1999,South Africa,15.23,,,,,
7/31/1999,South Africa,15.185,,,,,
8/31/1999,South Africa,15.275,,,,,
9/30/1999,South Africa,15.06,,,,,
10/31/1999,South Africa,14.815,,,,,
11/30/1999,South Africa,14.33,,,,,
12/31/1999,South Africa,13.685,,,,,
1/31/2000,South Africa,13.72,,,,,
2/29/2000,South Africa,13.69,,,,,
3/31/2000,South Africa,14.11,,,,,
4/30/2000,South Africa,14.495,,,,,
5/31/2000,South Africa,14.47,,,,,
6/30/2000,South Africa,14.21,,,,,
7/31/2000,South Africa,13.715,,,,,
8/31/2000,South Africa,13.56,,,,,
9/30/2000,South Africa,13.555,,,,,
10/31/2000,South Africa,13.765,,,,,
11/30/2000,South Africa,13.23,,,,,
12/31/2000,South Africa,12.725,,,,,
1/31/2001,South Africa,12.37,,,,,
2/28/2001,South Africa,11.655,,,,,
3/31/2001,South Africa,12.26,,,,,
4/30/2001,South Africa,12.05,,,,,
5/31/2001,South Africa,11.83,,,,,
6/30/2001,South Africa,10.875,,,,,
7/31/2001,South Africa,10.64,,,,,
8/31/2001,South Africa,10.8,,,,,
9/30/2001,South Africa,10.735,,,,,
10/31/2001,South Africa,10.44,,,,,
11/30/2001,South Africa,10.255,,,,,
12/31/2001,South Africa,11.54,,,,,
1/31/2002,South Africa,12.12,,,,,
2/28/2002,South Africa,12.52,,,,,
3/31/2002,South Africa,13.23,,,,,
4/30/2002,South Africa,12.05,,,,,
5/31/2002,South Africa,11.805,,,,,
6/30/2002,South Africa,12,,,,,
7/31/2002,South Africa,11.31,,,,,
8/31/2002,South Africa,11.63,,,,,
9/30/2002,South Africa,11.875,,,,,
10/31/2002,South Africa,11.6,,,,,
11/30/2002,South Africa,10.76,,,,,
12/31/2002,South Africa,10.745,,,,,
1/31/2003,South Africa,10.385,,,,,
2/28/2003,South Africa,10.24,,,,,
3/31/2003,South Africa,10.16,,,,,
4/30/2003,South Africa,10.01,,,,,
5/31/2003,South Africa,9.54,,,,,
6/30/2003,South Africa,9.1,,,,,
7/31/2003,South Africa,9.34,,,,,
8/31/2003,South Africa,9.54,,,,,
9/30/2003,South Africa,9.17,,,,,
10/31/2003,South Africa,8.885,,,,,
11/30/2003,South Africa,8.84,,,,,
12/31/2003,South Africa,9.05,,,,,
1/31/2004,South Africa,9.623,,,,,
2/29/2004,South Africa,9.543,,,,,
3/31/2004,South Africa,9.797,,,,,
4/30/2004,South Africa,10.1,,,,,
5/31/2004,South Africa,10.275,,,,,
6/30/2004,South Africa,10.3,,,,,
7/31/2004,South Africa,10.11,,,,,
8/31/2004,South Africa,9.627,,,,,
9/30/2004,South Africa,9.462,,,,,
10/31/2004,South Africa,9.083,,,,,
11/30/2004,South Africa,8.719,,,,,
12/31/2004,South Africa,8.178,,,,,
1/31/2005,South Africa,8.012,,,,,
2/28/2005,South Africa,7.672,,,,,
3/31/2005,South Africa,8.595,,,,,
4/30/2005,South Africa,8.358,,,,,
5/31/2005,South Africa,8.398,,,,,
6/30/2005,South Africa,8.05,,,,,
7/31/2005,South Africa,7.909,,,,,
8/31/2005,South Africa,8.02,,,,,
9/30/2005,South Africa,8.105,,,,,
10/31/2005,South Africa,8.066,,,,,
11/30/2005,South Africa,7.727,,,,,
12/31/2005,South Africa,7.478,,,,,
1/31/2006,South Africa,7.379,,,,,
2/28/2006,South Africa,7.299,,,,,
3/31/2006,South Africa,7.492,,,,,
4/30/2006,South Africa,7.383,,,,,
5/31/2006,South Africa,7.733,,,,,
6/30/2006,South Africa,8.668,,,,,
7/31/2006,South Africa,8.685,,,,,
8/31/2006,South Africa,8.8,,,,,
9/30/2006,South Africa,8.668,,,,,
10/31/2006,South Africa,8.04,,,,,
11/30/2006,South Africa,8.035,,,,,
12/31/2006,South Africa,7.86,,,,,
1/31/2007,South Africa,7.815,,,,,
2/28/2007,South Africa,7.655,,,,,
3/31/2007,South Africa,7.835,,,,,
4/30/2007,South Africa,7.675,,,,,
5/31/2007,South Africa,7.99,,,,,
6/30/2007,South Africa,8.5,,,,,
7/31/2007,South Africa,8.57,,,,,
8/31/2007,South Africa,8.605,,,,,
9/30/2007,South Africa,8.255,,,,,
10/31/2007,South Africa,8.065,,,,,
11/30/2007,South Africa,8.555,,,,,
12/31/2007,South Africa,8.575,,,,,
1/31/2008,South Africa,8.615,,,,,
2/29/2008,South Africa,8.975,,,,,
3/31/2008,South Africa,9.225,,,,,
4/30/2008,South Africa,9.45,,,,,
5/31/2008,South Africa,10.07,,,,,
6/30/2008,South Africa,10.7,,,,,
7/31/2008,South Africa,9.18,,,,,
8/31/2008,South Africa,9.12,,,,,
9/30/2008,South Africa,8.85,,,,,
10/31/2008,South Africa,9.1,,,,,
11/30/2008,South Africa,8.35,,,,,
12/31/2008,South Africa,7.325,,,,,
1/31/2009,South Africa,7.935,,,,,
2/28/2009,South Africa,8.56,,,,,
3/31/2009,South Africa,8.605,,,,,
4/30/2009,South Africa,8.49,,,,,
5/31/2009,South Africa,8.83,,,,,
6/30/2009,South Africa,8.955,,,,,
7/31/2009,South Africa,8.875,,,,,
8/31/2009,South Africa,8.705,,,,,
9/30/2009,South Africa,8.775,,,,,
10/31/2009,South Africa,8.975,,,,,
11/30/2009,South Africa,9.065,,,,,
12/31/2009,South Africa,9.045,,,,,
1/31/2010,South Africa,9.045,4.06749556,3.039732881,1.15322E+11,77.84052638,77.00842124
2/28/2010,South Africa,8.75,4.06749556,3.039732881,1.15322E+11,80.15578943,74.90999925
3/31/2010,South Africa,8.51,4.06749556,3.039732881,1.15322E+11,80.67130445,79.93130427
4/30/2010,South Africa,8.47,4.06749556,3.039732881,1.15322E+11,81.23285748,85.75380961
5/31/2010,South Africa,8.695,4.06749556,3.039732881,1.15322E+11,85.36150055,76.6647367
6/30/2010,South Africa,8.78,4.06749556,3.039732881,1.15322E+11,86.57500042,75.54863566
7/31/2010,South Africa,8.205,4.06749556,3.039732881,1.15322E+11,83.07047562,75.50899964
8/31/2010,South Africa,7.925,4.06749556,3.039732881,1.15322E+11,82.1490912,77.11499994
9/30/2010,South Africa,7.95,4.06749556,3.039732881,1.15322E+11,81.08333297,78.49095226
10/31/2010,South Africa,7.84,4.06749556,3.039732881,1.15322E+11,77.45999945,83.53619022
11/30/2010,South Africa,8.275,4.06749556,3.039732881,1.15322E+11,78.37571462,86.1623804
12/31/2010,South Africa,8.135,4.06749556,3.039732881,1.15322E+11,80.04909134,92.18590823
1/31/2011,South Africa,8.635,5.000853388,3.168556279,1.24137E+11,79.14600029,96.78631592
2/28/2011,South Africa,8.66,5.000853388,3.168556279,1.24137E+11,77.78263172,103.9421049
3/31/2011,South Africa,8.69,5.000853388,3.168556279,1.24137E+11,76.28956604,114.6495451
4/30/2011,South Africa,8.44,5.000853388,3.168556279,1.24137E+11,74.72449989,123.0505259
5/31/2011,South Africa,8.29,5.000853388,3.168556279,1.24137E+11,74.94142841,114.5142862
6/30/2011,South Africa,8.4,5.000853388,3.168556279,1.24137E+11,74.69363611,113.901818
7/31/2011,South Africa,8.24,5.000853388,3.168556279,1.24137E+11,74.75699959,117.1182354
8/31/2011,South Africa,7.84,5.000853388,3.168556279,1.24137E+11,74.23652185,109.9147615
9/30/2011,South Africa,8.27,5.000853388,3.168556279,1.24137E+11,76.99047634,110.1945
10/31/2011,South Africa,7.835,5.000853388,3.168556279,1.24137E+11,77.15428525,109.0895004
11/30/2011,South Africa,7.895,5.000853388,3.168556279,1.24137E+11,77.89142899,110.822631
12/31/2011,South Africa,7.93,5.000853388,3.168556279,1.24137E+11,79.61142803,107.7228564
1/31/2012,South Africa,7.735,5.737971391,2.396232385,1.4796E+11,80.26800041,111.4649998
2/29/2012,South Africa,7.845,5.737971391,2.396232385,1.4796E+11,78.93149948,119.0105007
3/31/2012,South Africa,7.875,5.737971391,2.396232385,1.4796E+11,79.53681807,124.544546
4/30/2012,South Africa,7.675,5.737971391,2.396232385,1.4796E+11,79.40150032,120.4865002
5/31/2012,South Africa,7.755,5.737971391,2.396232385,1.4796E+11,80.92545492,110.4331825
6/30/2012,South Africa,7.23,5.737971391,2.396232385,1.4796E+11,82.22047715,95.92714328
7/31/2012,South Africa,6.665,5.737971391,2.396232385,1.4796E+11,83.06761896,102.8642862
8/31/2012,South Africa,6.745,5.737971391,2.396232385,1.4796E+11,82.16000034,112.6782611
9/30/2012,South Africa,6.54,5.737971391,2.396232385,1.4796E+11,79.81421099,112.6147053
10/31/2012,South Africa,6.7,5.737971391,2.396232385,1.4796E+11,79.70809501,111.6210528
11/30/2012,South Africa,6.67,5.737971391,2.396232385,1.4796E+11,80.68523843,109.4620007
12/31/2012,South Africa,6.385,5.737971391,2.396232385,1.4796E+11,79.75849991,109.302778
1/31/2013,South Africa,6.525,5.780169101,2.485468008,1.41639E+11,79.8733328,112.2680958
2/28/2013,South Africa,6.405,5.780169101,2.485468008,1.41639E+11,80.60526316,116.0826316
3/31/2013,South Africa,6.515,5.780169101,2.485468008,1.41639E+11,82.62549973,109.5205259
4/30/2013,South Africa,6.01,5.780169101,2.485468008,1.41639E+11,82.52500049,103.5668189
5/31/2013,South Africa,7.18,5.780169101,2.485468008,1.41639E+11,83.21363622,103.2154551
6/30/2013,South Africa,7.58,5.780169101,2.485468008,1.41639E+11,81.85049973,103.1426319
7/31/2013,South Africa,7.845,5.780169101,2.485468008,1.41639E+11,82.78954627,107.4919048
8/31/2013,South Africa,8.185,5.780169101,2.485468008,1.41639E+11,81.48181777,110.5119051
9/30/2013,South Africa,7.575,5.780169101,2.485468008,1.41639E+11,81.15949898,111.3200005
10/31/2013,South Africa,7.59,5.780169101,2.485468008,1.41639E+11,79.86652175,109.5022732
11/30/2013,South Africa,8.005,5.780169101,2.485468008,1.41639E+11,80.84400024,107.7210533
12/31/2013,South Africa,7.91,5.780169101,2.485468008,1.41639E+11,80.30666606,110.8540001
1/31/2014,South Africa,8.79,6.132829531,1.413826452,1.49318E+11,80.80952417,107.1994995
2/28/2014,South Africa,8.48,6.132829531,1.413826452,1.49318E+11,80.45736855,108.7061115
3/31/2014,South Africa,8.31,6.132829531,1.413826452,1.49318E+11,79.87047686,107.8576188
4/30/2014,South Africa,8.325,6.132829531,1.413826452,1.49318E+11,79.85333361,108.0519053
5/31/2014,South Africa,8.18,6.132829531,1.413826452,1.49318E+11,79.94904727,109.2195242
6/30/2014,South Africa,8.17,6.132829531,1.413826452,1.49318E+11,80.44238209,111.980476
7/31/2014,South Africa,8.085,6.132829531,1.413826452,1.49318E+11,80.54772637,107.9859089
8/31/2014,South Africa,7.745,6.132829531,1.413826452,1.49318E+11,81.86380949,103.3204756
9/30/2014,South Africa,8.145,6.132829531,1.413826452,1.49318E+11,84.45904795,98.25380888
10/31/2014,South Africa,7.655,6.132829531,1.413826452,1.49318E+11,85.6704347,87.97913062
11/30/2014,South Africa,7.335,6.132829531,1.413826452,1.49318E+11,87.72842086,79.91210456
12/31/2014,South Africa,7.8,6.132829531,1.413826452,1.49318E+11,89.15681735,63.20363652
1/31/2015,South Africa,6.875,4.518690949,1.321862237,1.27741E+11,92.97700043,49.67999992
2/28/2015,South Africa,7.64,4.518690949,1.321862237,1.27741E+11,94.45789337,58.44052626
3/31/2015,South Africa,7.815,4.518690949,1.321862237,1.27741E+11,97.8781825,56.93499981
4/30/2015,South Africa,7.955,4.518690949,1.321862237,1.27741E+11,97.59190478,60.96523775
5/31/2015,South Africa,8.165,4.518690949,1.321862237,1.27741E+11,95.19200096,65.60099926
6/30/2015,South Africa,8.295,4.518690949,1.321862237,1.27741E+11,95.17000025,63.70409029
7/31/2015,South Africa,8.25,4.518690949,1.321862237,1.27741E+11,96.96227299,56.62181802
8/31/2015,South Africa,8.36,4.518690949,1.321862237,1.27741E+11,96.37809499,48.21952384
9/30/2015,South Africa,8.46,4.518690949,1.321862237,1.27741E+11,95.75809515,48.43333344
10/31/2015,South Africa,8.34,4.518690949,1.321862237,1.27741E+11,95.71409087,49.21409121
11/30/2015,South Africa,8.575,4.518690949,1.321862237,1.27741E+11,99.03300056,45.90700016
12/31/2015,South Africa,9.77,4.518690949,1.321862237,1.27741E+11,98.33409049,38.90954521
1/31/2016,South Africa,9.21,6.602908424,0.664552308,1.44048E+11,99.02300034,32.2121051
2/29/2016,South Africa,9.42,6.602908424,0.664552308,1.44048E+11,97.09550018,33.55649996
3/31/2016,South Africa,9.115,6.602908424,0.664552308,1.44048E+11,96.25954507,39.75136375
4/30/2016,South Africa,8.975,6.602908424,0.664552308,1.44048E+11,94.40380932,43.38666644
5/31/2016,South Africa,9.39,6.602908424,0.664552308,1.44048E+11,94.52190472,47.73904764
6/30/2016,South Africa,8.84,6.602908424,0.664552308,1.44048E+11,94.67227208,49.92681816
7/31/2016,South Africa,8.65,6.602908424,0.664552308,1.44048E+11,96.57250061,46.33099976
8/31/2016,South Africa,9.045,6.602908424,0.664552308,1.44048E+11,95.38000024,47.17260825
9/30/2016,South Africa,8.68,6.602908424,0.664552308,1.44048E+11,95.46523757,47.29809534
10/31/2016,South Africa,8.72,6.602908424,0.664552308,1.44048E+11,97.73899918,51.21049976
11/30/2016,South Africa,9.03,6.602908424,0.664552308,1.44048E+11,99.70550041,47.10850086
12/31/2016,South Africa,8.925,6.602908424,0.664552308,1.44048E+11,102.0133325,54.71761885
1/31/2017,South Africa,8.82,5.186186555,1.157946952,1.75014E+11,101.1219997,55.42699985
2/28/2017,South Africa,8.8,5.186186555,1.157946952,1.75014E+11,100.6910533,55.92684274
3/31/2017,South Africa,8.85,5.186186555,1.157946952,1.75014E+11,100.7591297,52.50565189
4/30/2017,South Africa,8.705,5.186186555,1.157946952,1.75014E+11,100.0452628,53.81894704
5/31/2017,South Africa,8.6,5.186186555,1.157946952,1.75014E+11,98.26863653,51.34954556
6/30/2017,South Africa,8.795,5.186186555,1.157946952,1.75014E+11,96.94863684,47.5400004
7/31/2017,South Africa,8.62,5.186186555,1.157946952,1.75014E+11,94.86100082,49.1255003
8/31/2017,South Africa,8.57,5.186186555,1.157946952,1.75014E+11,93.17608643,51.90695638
9/30/2017,South Africa,8.56,5.186186555,1.157946952,1.75014E+11,92.32400055,55.65200024
10/31/2017,South Africa,9.105,5.186186555,1.157946952,1.75014E+11,93.71954484,57.64909068
11/30/2017,South Africa,9.32,5.186186555,1.157946952,1.75014E+11,93.99714406,62.87142853
12/31/2017,South Africa,8.605,5.186186555,1.157946952,1.75014E+11,93.38800011,64.06650028
1/31/2018,South Africa,8.47,4.509872649,1.556783847,1.80184E+11,90.74476188,69.02238028
2/28/2018,South Africa,8.125,4.509872649,1.556783847,1.80184E+11,89.73052617,65.70368415
3/31/2018,South Africa,7.98,4.509872649,1.556783847,1.80184E+11,89.87619128,66.80904752
4/30/2018,South Africa,8.19,4.509872649,1.556783847,1.80184E+11,90.29333278,71.76238069
5/31/2018,South Africa,8.555,4.509872649,1.556783847,1.80184E+11,93.29954598,77.17681885
6/30/2018,South Africa,8.835,4.509872649,1.556783847,1.80184E+11,94.37714277,75.97952379
7/31/2018,South Africa,8.59,4.509872649,1.556783847,1.80184E+11,94.59761919,74.79523868
8/31/2018,South Africa,8.98,4.509872649,1.556783847,1.80184E+11,95.48173954,73.92260808
9/30/2018,South Africa,9,4.509872649,1.556783847,1.80184E+11,94.73947465,79.15999965
10/31/2018,South Africa,9.375,4.509872649,1.556783847,1.80184E+11,95.85260939,80.62956636
11/30/2018,South Africa,8.94,4.509872649,1.556783847,1.80184E+11,96.76142883,66.2328573
12/31/2018,South Africa,8.885,4.509872649,1.556783847,1.80184E+11,96.87578984,57.47000022
1/31/2019,South Africa,8.59,4.102850755,0.259935577,1.90738E+11,95.9376188,60.12190501
2/28/2019,South Africa,8.7,4.102850755,0.259935577,1.90738E+11,96.458421,64.27631539
3/31/2019,South Africa,8.61,4.102850755,0.259935577,1.90738E+11,96.7828569,67.0276195
4/30/2019,South Africa,8.55,4.102850755,0.259935577,1.90738E+11,97.35857173,71.62857237
5/31/2019,South Africa,8.485,4.102850755,0.259935577,1.90738E+11,97.74181782,70.31181821
6/30/2019,South Africa,8.095,4.102850755,0.259935577,1.90738E+11,96.80450058,63.03800011
7/31/2019,South Africa,8.325,4.102850755,0.259935577,1.90738E+11,97.36590923,64.25636396
8/31/2019,South Africa,8.23,4.102850755,0.259935577,1.90738E+11,98.00454504,59.50181805
9/30/2019,South Africa,8.34,4.102850755,0.259935577,1.90738E+11,98.59999962,62.46849995
10/31/2019,South Africa,8.495,4.102850755,0.259935577,1.90738E+11,98.17304362,59.63217329
11/30/2019,South Africa,8.455,4.102850755,0.259935577,1.90738E+11,98.06499977,62.65149975
12/31/2019,South Africa,8.255,4.102850755,0.259935577,1.90738E+11,97.37666684,65.17380887
1/31/2020,South Africa,8.98,3.232388316,-6.168917715,1.75417E+11,97.43619029,63.59999993
2/29/2020,South Africa,9.105,3.232388316,-6.168917715,1.75417E+11,98.84315852,55.36210532
3/31/2020,South Africa,10.965,3.232388316,-6.168917715,1.75417E+11,98.83500047,33.72909112
4/30/2020,South Africa,10.27,3.232388316,-6.168917715,1.75417E+11,99.91285706,26.63142867
5/31/2020,South Africa,8.895,3.232388316,-6.168917715,1.75417E+11,99.55300026,32.25600023
6/30/2020,South Africa,9.27,3.232388316,-6.168917715,1.75417E+11,97.08772798,40.77272727
7/31/2020,South Africa,9.245,3.232388316,-6.168917715,1.75417E+11,95.51409114,43.2413637
8/31/2020,South Africa,9.285,3.232388316,-6.168917715,1.75417E+11,93.04428573,45.01999991
9/30/2020,South Africa,9.445,3.232388316,-6.168917715,1.75417E+11,93.43714287,41.867143
10/31/2020,South Africa,9.315,3.232388316,-6.168917715,1.75417E+11,93.4063634,41.52409103
11/30/2020,South Africa,8.99,3.232388316,-6.168917715,1.75417E+11,92.61950111,43.78900013
12/31/2020,South Africa,8.735,3.232388316,-6.168917715,1.75417E+11,90.51272722,50.21818196
1/31/2021,South Africa,8.735,4.618745449,4.955032594,1.69438E+11,90.22631555,55.35157916
2/28/2021,South Africa,9.055,4.618745449,4.955032594,1.69438E+11,90.6515788,62.22789423
3/31/2021,South Africa,9.485,4.618745449,4.955032594,1.69438E+11,92.00913039,65.70217381
4/30/2021,South Africa,9.29,4.618745449,4.955032594,1.69438E+11,91.58761887,65.3285715
5/31/2021,South Africa,8.91,4.618745449,4.955032594,1.69438E+11,90.31799965,68.25849991
6/30/2021,South Africa,8.88,4.618745449,4.955032594,1.69438E+11,91.03909128,73.40818162
7/31/2021,South Africa,8.825,4.618745449,4.955032594,1.69438E+11,92.52285803,74.15714337
8/31/2021,South Africa,8.775,4.618745449,4.955032594,1.69438E+11,92.79999958,70.51363616
9/30/2021,South Africa,9.225,4.618745449,4.955032594,1.69438E+11,92.99238041,75.00285594
10/31/2021,South Africa,9.64,4.618745449,4.955032594,1.69438E+11,93.951428,83.74619039
11/30/2021,South Africa,9.77,4.618745449,4.955032594,1.69438E+11,95.27095141,80.78428541
12/31/2021,South Africa,9.35,4.618745449,4.955032594,1.69438E+11,96.19000001,74.7431814
1/31/2022,South Africa,9.4,7.039872725,1.91147996,1.71723E+11,95.96649971,85.52699966
2/28/2022,South Africa,9.45,7.039872725,1.91147996,1.71723E+11,95.99684264,94.03368458
3/31/2022,South Africa,9.6,7.039872725,1.91147996,1.71723E+11,98.46695676,112.4630442
4/30/2022,South Africa,9.955,7.039872725,1.91147996,1.71723E+11,100.7084999,105.9169998
5/31/2022,South Africa,9.835,7.039872725,1.91147996,1.71723E+11,103.1676189,111.497143
6/30/2022,South Africa,10.555,7.039872725,1.91147996,1.71723E+11,103.8442862,117.66381
7/31/2022,South Africa,10.36,7.039872725,1.91147996,1.71723E+11,107.0335003,104.7049995
8/31/2022,South Africa,10.44,7.039872725,1.91147996,1.71723E+11,107.1495653,97.74086894
9/30/2022,South Africa,10.89,7.039872725,1.91147996,1.71723E+11,110.7433334,90.32476116
10/31/2022,South Africa,10.86,7.039872725,1.91147996,1.71723E+11,111.941428,93.59380958
11/30/2022,South Africa,10.285,7.039872725,1.91147996,1.71723E+11,108.1400005,91.11428579
12/31/2022,South Africa,10.185,7.039872725,1.91147996,1.71723E+11,104.5028567,81.34142848
1/31/2023,South Africa,9.675,6.075243846,0.698485194,1.65787E+11,102.7119991,83.87900009
2/28/2023,South Africa,10.11,6.075243846,0.698485194,1.65787E+11,103.66,83.5094733
3/31/2023,South Africa,9.83,6.075243846,0.698485194,1.65787E+11,103.7673914,79.20695628
4/30/2023,South Africa,10.18,6.075243846,0.698485194,1.65787E+11,101.7642099,83.36894788
5/31/2023,South Africa,11.3,6.075243846,0.698485194,1.65787E+11,102.701363,75.63227359
6/30/2023,South Africa,10.51,6.075243846,0.698485194,1.65787E+11,103.1119043,74.92571368
7/31/2023,South Africa,10.215,6.075243846,0.698485194,1.65787E+11,101.3274994,80.35549965
8/31/2023,South Africa,10.275,6.075243846,0.698485194,1.65787E+11,103.0965218,85.10434756
9/30/2023,South Africa,10.81,6.075243846,0.698485194,1.65787E+11,105.3314995,92.76649933
10/31/2023,South Africa,10.675,6.075243846,0.698485194,1.65787E+11,106.3531824,88.70409116
11/30/2023,South Africa,9.98,6.075243846,0.698485194,1.65787E+11,104.5280951,82.0277273
12/31/2023,South Africa,9.77,6.075243846,0.698485194,1.65787E+11,102.6830006,77.32399979
1/31/2014,Sri Lanka,8.07,3.179002282,6.377978893,42264361572,80.80952417,107.1994995
2/28/2014,Sri Lanka,,3.179002282,6.377978893,42264361572,80.45736855,108.7061115
3/31/2014,Sri Lanka,,3.179002282,6.377978893,42264361572,79.87047686,107.8576188
4/30/2014,Sri Lanka,,3.179002282,6.377978893,42264361572,79.85333361,108.0519053
5/31/2014,Sri Lanka,,3.179002282,6.377978893,42264361572,79.94904727,109.2195242
6/30/2014,Sri Lanka,,3.179002282,6.377978893,42264361572,80.44238209,111.980476
7/31/2014,Sri Lanka,,3.179002282,6.377978893,42264361572,80.54772637,107.9859089
8/31/2014,Sri Lanka,,3.179002282,6.377978893,42264361572,81.86380949,103.3204756
9/30/2014,Sri Lanka,,3.179002282,6.377978893,42264361572,84.45904795,98.25380888
10/31/2014,Sri Lanka,,3.179002282,6.377978893,42264361572,85.6704347,87.97913062
11/30/2014,Sri Lanka,,3.179002282,6.377978893,42264361572,87.72842086,79.91210456
12/31/2014,Sri Lanka,,3.179002282,6.377978893,42264361572,89.15681735,63.20363652
1/31/2015,Sri Lanka,9.574333333,3.768367831,4.205955477,43926833891,92.97700043,49.67999992
2/28/2015,Sri Lanka,,3.768367831,4.205955477,43926833891,94.45789337,58.44052626
3/31/2015,Sri Lanka,,3.768367831,4.205955477,43926833891,97.8781825,56.93499981
4/30/2015,Sri Lanka,,3.768367831,4.205955477,43926833891,97.59190478,60.96523775
5/31/2015,Sri Lanka,,3.768367831,4.205955477,43926833891,95.19200096,65.60099926
6/30/2015,Sri Lanka,,3.768367831,4.205955477,43926833891,95.17000025,63.70409029
7/31/2015,Sri Lanka,,3.768367831,4.205955477,43926833891,96.96227299,56.62181802
8/31/2015,Sri Lanka,,3.768367831,4.205955477,43926833891,96.37809499,48.21952384
9/30/2015,Sri Lanka,,3.768367831,4.205955477,43926833891,95.75809515,48.43333344
10/31/2015,Sri Lanka,,3.768367831,4.205955477,43926833891,95.71409087,49.21409121
11/30/2015,Sri Lanka,,3.768367831,4.205955477,43926833891,99.03300056,45.90700016
12/31/2015,Sri Lanka,,3.768367831,4.205955477,43926833891,98.33409049,38.90954521
1/31/2016,Sri Lanka,12.26391667,3.958888466,5.05362489,46662738616,99.02300034,32.2121051
2/29/2016,Sri Lanka,,3.958888466,5.05362489,46662738616,97.09550018,33.55649996
3/31/2016,Sri Lanka,,3.958888466,5.05362489,46662738616,96.25954507,39.75136375
4/30/2016,Sri Lanka,,3.958888466,5.05362489,46662738616,94.40380932,43.38666644
5/31/2016,Sri Lanka,,3.958888466,5.05362489,46662738616,94.52190472,47.73904764
6/30/2016,Sri Lanka,,3.958888466,5.05362489,46662738616,94.67227208,49.92681816
7/31/2016,Sri Lanka,,3.958888466,5.05362489,46662738616,96.57250061,46.33099976
8/31/2016,Sri Lanka,,3.958888466,5.05362489,46662738616,95.38000024,47.17260825
9/30/2016,Sri Lanka,,3.958888466,5.05362489,46662738616,95.46523757,47.29809534
10/31/2016,Sri Lanka,,3.958888466,5.05362489,46662738616,97.73899918,51.21049976
11/30/2016,Sri Lanka,,3.958888466,5.05362489,46662738616,99.70550041,47.10850086
12/31/2016,Sri Lanka,,3.958888466,5.05362489,46662738616,102.0133325,54.71761885
1/31/2017,Sri Lanka,11.419,7.704137679,6.460681271,50766665979,101.1219997,55.42699985
2/28/2017,Sri Lanka,,7.704137679,6.460681271,50766665979,100.6910533,55.92684274
3/31/2017,Sri Lanka,,7.704137679,6.460681271,50766665979,100.7591297,52.50565189
4/30/2017,Sri Lanka,,7.704137679,6.460681271,50766665979,100.0452628,53.81894704
5/31/2017,Sri Lanka,,7.704137679,6.460681271,50766665979,98.26863653,51.34954556
6/30/2017,Sri Lanka,,7.704137679,6.460681271,50766665979,96.94863684,47.5400004
7/31/2017,Sri Lanka,,7.704137679,6.460681271,50766665979,94.86100082,49.1255003
8/31/2017,Sri Lanka,,7.704137679,6.460681271,50766665979,93.17608643,51.90695638
9/30/2017,Sri Lanka,,7.704137679,6.460681271,50766665979,92.32400055,55.65200024
10/31/2017,Sri Lanka,,7.704137679,6.460681271,50766665979,93.71954484,57.64909068
11/30/2017,Sri Lanka,,7.704137679,6.460681271,50766665979,93.99714406,62.87142853
12/31/2017,Sri Lanka,,7.704137679,6.460681271,50766665979,93.38800011,64.06650028
1/31/2018,Sri Lanka,10.92083333,2.135037737,2.310084255,52920652662,90.74476188,69.02238028
2/28/2018,Sri Lanka,,2.135037737,2.310084255,52920652662,89.73052617,65.70368415
3/31/2018,Sri Lanka,,2.135037737,2.310084255,52920652662,89.87619128,66.80904752
4/30/2018,Sri Lanka,,2.135037737,2.310084255,52920652662,90.29333278,71.76238069
5/31/2018,Sri Lanka,,2.135037737,2.310084255,52920652662,93.29954598,77.17681885
6/30/2018,Sri Lanka,,2.135037737,2.310084255,52920652662,94.37714277,75.97952379
7/31/2018,Sri Lanka,,2.135037737,2.310084255,52920652662,94.59761919,74.79523868
8/31/2018,Sri Lanka,,2.135037737,2.310084255,52920652662,95.48173954,73.92260808
9/30/2018,Sri Lanka,,2.135037737,2.310084255,52920652662,94.73947465,79.15999965
10/31/2018,Sri Lanka,,2.135037737,2.310084255,52920652662,95.85260939,80.62956636
11/30/2018,Sri Lanka,,2.135037737,2.310084255,52920652662,96.76142883,66.2328573
12/31/2018,Sri Lanka,,2.135037737,2.310084255,52920652662,96.87578984,57.47000022
1/31/2019,Sri Lanka,10.6725,3.528393582,-0.220483887,56118735647,95.9376188,60.12190501
2/28/2019,Sri Lanka,,3.528393582,-0.220483887,56118735647,96.458421,64.27631539
3/31/2019,Sri Lanka,,3.528393582,-0.220483887,56118735647,96.7828569,67.0276195
4/30/2019,Sri Lanka,,3.528393582,-0.220483887,56118735647,97.35857173,71.62857237
5/31/2019,Sri Lanka,,3.528393582,-0.220483887,56118735647,97.74181782,70.31181821
6/30/2019,Sri Lanka,,3.528393582,-0.220483887,56118735647,96.80450058,63.03800011
7/31/2019,Sri Lanka,,3.528393582,-0.220483887,56118735647,97.36590923,64.25636396
8/31/2019,Sri Lanka,,3.528393582,-0.220483887,56118735647,98.00454504,59.50181805
9/30/2019,Sri Lanka,,3.528393582,-0.220483887,56118735647,98.59999962,62.46849995
10/31/2019,Sri Lanka,,3.528393582,-0.220483887,56118735647,98.17304362,59.63217329
11/30/2019,Sri Lanka,,3.528393582,-0.220483887,56118735647,98.06499977,62.65149975
12/31/2019,Sri Lanka,,3.528393582,-0.220483887,56118735647,97.37666684,65.17380887
1/31/2020,Sri Lanka,8.459833333,6.153945084,-4.624515037,56875086630,97.43619029,63.59999993
2/29/2020,Sri Lanka,,6.153945084,-4.624515037,56875086630,98.84315852,55.36210532
3/31/2020,Sri Lanka,,6.153945084,-4.624515037,56875086630,98.83500047,33.72909112
4/30/2020,Sri Lanka,,6.153945084,-4.624515037,56875086630,99.91285706,26.63142867
5/31/2020,Sri Lanka,,6.153945084,-4.624515037,56875086630,99.55300026,32.25600023
6/30/2020,Sri Lanka,,6.153945084,-4.624515037,56875086630,97.08772798,40.77272727
7/31/2020,Sri Lanka,,6.153945084,-4.624515037,56875086630,95.51409114,43.2413637
8/31/2020,Sri Lanka,,6.153945084,-4.624515037,56875086630,93.04428573,45.01999991
9/30/2020,Sri Lanka,,6.153945084,-4.624515037,56875086630,93.43714287,41.867143
10/31/2020,Sri Lanka,,6.153945084,-4.624515037,56875086630,93.4063634,41.52409103
11/30/2020,Sri Lanka,,6.153945084,-4.624515037,56875086630,92.61950111,43.78900013
12/31/2020,Sri Lanka,,6.153945084,-4.624515037,56875086630,90.51272722,50.21818196
1/31/2021,Sri Lanka,9.681083333,7.014780712,4.207476495,58741883598,90.22631555,55.35157916
2/28/2021,Sri Lanka,,7.014780712,4.207476495,58741883598,90.6515788,62.22789423
3/31/2021,Sri Lanka,,7.014780712,4.207476495,58741883598,92.00913039,65.70217381
4/30/2021,Sri Lanka,,7.014780712,4.207476495,58741883598,91.58761887,65.3285715
5/31/2021,Sri Lanka,,7.014780712,4.207476495,58741883598,90.31799965,68.25849991
6/30/2021,Sri Lanka,,7.014780712,4.207476495,58741883598,91.03909128,73.40818162
7/31/2021,Sri Lanka,,7.014780712,4.207476495,58741883598,92.52285803,74.15714337
8/31/2021,Sri Lanka,,7.014780712,4.207476495,58741883598,92.79999958,70.51363616
9/30/2021,Sri Lanka,,7.014780712,4.207476495,58741883598,92.99238041,75.00285594
10/31/2021,Sri Lanka,,7.014780712,4.207476495,58741883598,93.951428,83.74619039
11/30/2021,Sri Lanka,,7.014780712,4.207476495,58741883598,95.27095141,80.78428541
12/31/2021,Sri Lanka,,7.014780712,4.207476495,58741883598,96.19000001,74.7431814
1/31/2022,Sri Lanka,23.67758333,49.72110211,-7.349193013,58717563401,95.96649971,85.52699966
2/28/2022,Sri Lanka,,49.72110211,-7.349193013,58717563401,95.99684264,94.03368458
3/31/2022,Sri Lanka,,49.72110211,-7.349193013,58717563401,98.46695676,112.4630442
4/30/2022,Sri Lanka,,49.72110211,-7.349193013,58717563401,100.7084999,105.9169998
5/31/2022,Sri Lanka,,49.72110211,-7.349193013,58717563401,103.1676189,111.497143
6/30/2022,Sri Lanka,,49.72110211,-7.349193013,58717563401,103.8442862,117.66381
7/31/2022,Sri Lanka,,49.72110211,-7.349193013,58717563401,107.0335003,104.7049995
8/31/2022,Sri Lanka,,49.72110211,-7.349193013,58717563401,107.1495653,97.74086894
9/30/2022,Sri Lanka,,49.72110211,-7.349193013,58717563401,110.7433334,90.32476116
10/31/2022,Sri Lanka,,49.72110211,-7.349193013,58717563401,111.941428,93.59380958
11/30/2022,Sri Lanka,,49.72110211,-7.349193013,58717563401,108.1400005,91.11428579
12/31/2022,Sri Lanka,,49.72110211,-7.349193013,58717563401,104.5028567,81.34142848
1/31/2023,Sri Lanka,19.24,16.54117423,-2.32984819,61705953520,102.7119991,83.87900009
2/28/2023,Sri Lanka,,16.54117423,-2.32984819,61705953520,103.66,83.5094733
3/31/2023,Sri Lanka,,16.54117423,-2.32984819,61705953520,103.7673914,79.20695628
4/30/2023,Sri Lanka,,16.54117423,-2.32984819,61705953520,101.7642099,83.36894788
5/31/2023,Sri Lanka,,16.54117423,-2.32984819,61705953520,102.701363,75.63227359
6/30/2023,Sri Lanka,,16.54117423,-2.32984819,61705953520,103.1119043,74.92571368
7/31/2023,Sri Lanka,,16.54117423,-2.32984819,61705953520,101.3274994,80.35549965
8/31/2023,Sri Lanka,,16.54117423,-2.32984819,61705953520,103.0965218,85.10434756
9/30/2023,Sri Lanka,,16.54117423,-2.32984819,61705953520,105.3314995,92.76649933
10/31/2023,Sri Lanka,,16.54117423,-2.32984819,61705953520,106.3531824,88.70409116
11/30/2023,Sri Lanka,,16.54117423,-2.32984819,61705953520,104.5280951,82.0277273
12/31/2023,Sri Lanka,,16.54117423,-2.32984819,61705953520,102.6830006,77.32399979
1/31/2024,Sri Lanka,13.06016667,-0.429360049,5.00871931,,102.974762,79.19714319
2/28/2010,Turkey,10.88,8.566444206,8.427104323,3.16657E+11,80.15578943,74.90999925
3/31/2010,Turkey,10.55,8.566444206,8.427104323,3.16657E+11,80.67130445,79.93130427
4/30/2010,Turkey,10.73,8.566444206,8.427104323,3.16657E+11,81.23285748,85.75380961
5/31/2010,Turkey,10.75,8.566444206,8.427104323,3.16657E+11,85.36150055,76.6647367
6/30/2010,Turkey,9.82,8.566444206,8.427104323,3.16657E+11,86.57500042,75.54863566
7/31/2010,Turkey,9.04,8.566444206,8.427104323,3.16657E+11,83.07047562,75.50899964
8/31/2010,Turkey,9.04,8.566444206,8.427104323,3.16657E+11,82.1490912,77.11499994
9/30/2010,Turkey,9,8.566444206,8.427104323,3.16657E+11,81.08333297,78.49095226
10/31/2010,Turkey,8.51,8.566444206,8.427104323,3.16657E+11,77.45999945,83.53619022
11/30/2010,Turkey,9.14,8.566444206,8.427104323,3.16657E+11,78.37571462,86.1623804
12/31/2010,Turkey,8.61,8.566444206,8.427104323,3.16657E+11,80.04909134,92.18590823
1/31/2011,Turkey,9.67,6.471879671,11.20011058,3.20986E+11,79.14600029,96.78631592
2/28/2011,Turkey,9.7,6.471879671,11.20011058,3.20986E+11,77.78263172,103.9421049
3/31/2011,Turkey,9.53,6.471879671,11.20011058,3.20986E+11,76.28956604,114.6495451
4/30/2011,Turkey,9.35,6.471879671,11.20011058,3.20986E+11,74.72449989,123.0505259
5/31/2011,Turkey,9.65,6.471879671,11.20011058,3.20986E+11,74.94142841,114.5142862
6/30/2011,Turkey,9.67,6.471879671,11.20011058,3.20986E+11,74.69363611,113.901818
7/31/2011,Turkey,9.7,6.471879671,11.20011058,3.20986E+11,74.75699959,117.1182354
8/31/2011,Turkey,8.97,6.471879671,11.20011058,3.20986E+11,74.23652185,109.9147615
9/30/2011,Turkey,9.61,6.471879671,11.20011058,3.20986E+11,76.99047634,110.1945
10/31/2011,Turkey,9.74,6.471879671,11.20011058,3.20986E+11,77.15428525,109.0895004
11/30/2011,Turkey,9.93,6.471879671,11.20011058,3.20986E+11,77.89142899,110.822631
12/31/2011,Turkey,10,6.471879671,11.20011058,3.20986E+11,79.61142803,107.7228564
1/31/2012,Turkey,9.76,8.891569965,4.788492711,3.53398E+11,80.26800041,111.4649998
2/29/2012,Turkey,9.49,8.891569965,4.788492711,3.53398E+11,78.93149948,119.0105007
3/31/2012,Turkey,9.64,8.891569965,4.788492711,3.53398E+11,79.53681807,124.544546
4/30/2012,Turkey,9.26,8.891569965,4.788492711,3.53398E+11,79.40150032,120.4865002
5/31/2012,Turkey,9.26,8.891569965,4.788492711,3.53398E+11,80.92545492,110.4331825
6/30/2012,Turkey,8.77,8.891569965,4.788492711,3.53398E+11,82.22047715,95.92714328
7/31/2012,Turkey,8.14,8.891569965,4.788492711,3.53398E+11,83.06761896,102.8642862
8/31/2012,Turkey,8.17,8.891569965,4.788492711,3.53398E+11,82.16000034,112.6782611
9/30/2012,Turkey,8.11,8.891569965,4.788492711,3.53398E+11,79.81421099,112.6147053
10/31/2012,Turkey,7.96,8.891569965,4.788492711,3.53398E+11,79.70809501,111.6210528
11/30/2012,Turkey,6.87,8.891569965,4.788492711,3.53398E+11,80.68523843,109.4620007
12/31/2012,Turkey,6.55,8.891569965,4.788492711,3.53398E+11,79.75849991,109.302778
1/31/2013,Turkey,6.7,7.493090305,8.485816997,4.02184E+11,79.8733328,112.2680958
2/28/2013,Turkey,6.7,7.493090305,8.485816997,4.02184E+11,80.60526316,116.0826316
3/31/2013,Turkey,7.04,7.493090305,8.485816997,4.02184E+11,82.62549973,109.5205259
4/30/2013,Turkey,6.17,7.493090305,8.485816997,4.02184E+11,82.52500049,103.5668189
5/31/2013,Turkey,6.77,7.493090305,8.485816997,4.02184E+11,83.21363622,103.2154551
6/30/2013,Turkey,8.56,7.493090305,8.485816997,4.02184E+11,81.85049973,103.1426319
7/31/2013,Turkey,9.14,7.493090305,8.485816997,4.02184E+11,82.78954627,107.4919048
8/31/2013,Turkey,10.03,7.493090305,8.485816997,4.02184E+11,81.48181777,110.5119051
9/30/2013,Turkey,8.98,7.493090305,8.485816997,4.02184E+11,81.15949898,111.3200005
10/31/2013,Turkey,8.75,7.493090305,8.485816997,4.02184E+11,79.86652175,109.5022732
11/30/2013,Turkey,9.17,7.493090305,8.485816997,4.02184E+11,80.84400024,107.7210533
12/31/2013,Turkey,10.27,7.493090305,8.485816997,4.02184E+11,80.30666606,110.8540001
1/31/2014,Turkey,10.1,8.854572714,4.939715161,4.13916E+11,80.80952417,107.1994995
2/28/2014,Turkey,10.27,8.854572714,4.939715161,4.13916E+11,80.45736855,108.7061115
3/31/2014,Turkey,10.02,8.854572714,4.939715161,4.13916E+11,79.87047686,107.8576188
4/30/2014,Turkey,9.18,8.854572714,4.939715161,4.13916E+11,79.85333361,108.0519053
5/31/2014,Turkey,8.98,8.854572714,4.939715161,4.13916E+11,79.94904727,109.2195242
6/30/2014,Turkey,8.74,8.854572714,4.939715161,4.13916E+11,80.44238209,111.980476
7/31/2014,Turkey,8.88,8.854572714,4.939715161,4.13916E+11,80.54772637,107.9859089
8/31/2014,Turkey,8.93,8.854572714,4.939715161,4.13916E+11,81.86380949,103.3204756
9/30/2014,Turkey,9.72,8.854572714,4.939715161,4.13916E+11,84.45904795,98.25380888
10/31/2014,Turkey,8.48,8.854572714,4.939715161,4.13916E+11,85.6704347,87.97913062
11/30/2014,Turkey,7.6,8.854572714,4.939715161,4.13916E+11,87.72842086,79.91210456
12/31/2014,Turkey,8.09,8.854572714,4.939715161,4.13916E+11,89.15681735,63.20363652
1/31/2015,Turkey,6.99,7.670853648,6.084486904,3.99739E+11,92.97700043,49.67999992
2/28/2015,Turkey,8.21,7.670853648,6.084486904,3.99739E+11,94.45789337,58.44052626
3/31/2015,Turkey,8.21,7.670853648,6.084486904,3.99739E+11,97.8781825,56.93499981
4/30/2015,Turkey,9.14,7.670853648,6.084486904,3.99739E+11,97.59190478,60.96523775
5/31/2015,Turkey,8.96,7.670853648,6.084486904,3.99739E+11,95.19200096,65.60099926
6/30/2015,Turkey,9.19,7.670853648,6.084486904,3.99739E+11,95.17000025,63.70409029
7/31/2015,Turkey,9.34,7.670853648,6.084486904,3.99739E+11,96.96227299,56.62181802
8/31/2015,Turkey,9.94,7.670853648,6.084486904,3.99739E+11,96.37809499,48.21952384
9/30/2015,Turkey,10.76,7.670853648,6.084486904,3.99739E+11,95.75809515,48.43333344
10/31/2015,Turkey,9.54,7.670853648,6.084486904,3.99739E+11,95.71409087,49.21409121
11/30/2015,Turkey,9.9,7.670853648,6.084486904,3.99739E+11,99.03300056,45.90700016
12/31/2015,Turkey,10.47,7.670853648,6.084486904,3.99739E+11,98.33409049,38.90954521
1/31/2016,Turkey,10.54,7.775134153,3.323084208,3.99312E+11,99.02300034,32.2121051
2/29/2016,Turkey,10.32,7.775134153,3.323084208,3.99312E+11,97.09550018,33.55649996
3/31/2016,Turkey,9.71,7.775134153,3.323084208,3.99312E+11,96.25954507,39.75136375
4/30/2016,Turkey,9.04,7.775134153,3.323084208,3.99312E+11,94.40380932,43.38666644
5/31/2016,Turkey,9.69,7.775134153,3.323084208,3.99312E+11,94.52190472,47.73904764
6/30/2016,Turkey,9.03,7.775134153,3.323084208,3.99312E+11,94.67227208,49.92681816
7/31/2016,Turkey,9.51,7.775134153,3.323084208,3.99312E+11,96.57250061,46.33099976
8/31/2016,Turkey,9.6,7.775134153,3.323084208,3.99312E+11,95.38000024,47.17260825
9/30/2016,Turkey,9.5,7.775134153,3.323084208,3.99312E+11,95.46523757,47.29809534
10/31/2016,Turkey,9.82,7.775134153,3.323084208,3.99312E+11,97.73899918,51.21049976
11/30/2016,Turkey,10.85,7.775134153,3.323084208,3.99312E+11,99.70550041,47.10850086
12/31/2016,Turkey,11.09,7.775134153,3.323084208,3.99312E+11,102.0133325,54.71761885
1/31/2017,Turkey,10.69,11.14431108,7.501997489,4.47425E+11,101.1219997,55.42699985
2/28/2017,Turkey,10.6,11.14431108,7.501997489,4.47425E+11,100.6910533,55.92684274
3/31/2017,Turkey,10.65,11.14431108,7.501997489,4.47425E+11,100.7591297,52.50565189
4/30/2017,Turkey,10.23,11.14431108,7.501997489,4.47425E+11,100.0452628,53.81894704
5/31/2017,Turkey,10.19,11.14431108,7.501997489,4.47425E+11,98.26863653,51.34954556
6/30/2017,Turkey,10.28,11.14431108,7.501997489,4.47425E+11,96.94863684,47.5400004
7/31/2017,Turkey,10.34,11.14431108,7.501997489,4.47425E+11,94.86100082,49.1255003
8/31/2017,Turkey,10.36,11.14431108,7.501997489,4.47425E+11,93.17608643,51.90695638
9/30/2017,Turkey,10.69,11.14431108,7.501997489,4.47425E+11,92.32400055,55.65200024
10/31/2017,Turkey,11.51,11.14431108,7.501997489,4.47425E+11,93.71954484,57.64909068
11/30/2017,Turkey,12.01,11.14431108,7.501997489,4.47425E+11,93.99714406,62.87142853
12/31/2017,Turkey,11.43,11.14431108,7.501997489,4.47425E+11,93.38800011,64.06650028
1/31/2018,Turkey,11.4,16.3324639,3.013170393,4.26808E+11,90.74476188,69.02238028
2/28/2018,Turkey,11.58,16.3324639,3.013170393,4.26808E+11,89.73052617,65.70368415
3/31/2018,Turkey,12.19,16.3324639,3.013170393,4.26808E+11,89.87619128,66.80904752
4/30/2018,Turkey,12.24,16.3324639,3.013170393,4.26808E+11,90.29333278,71.76238069
5/31/2018,Turkey,13.85,16.3324639,3.013170393,4.26808E+11,93.29954598,77.17681885
6/30/2018,Turkey,16.3,16.3324639,3.013170393,4.26808E+11,94.37714277,75.97952379
7/31/2018,Turkey,17.94,16.3324639,3.013170393,4.26808E+11,94.59761919,74.79523868
8/31/2018,Turkey,20.7,16.3324639,3.013170393,4.26808E+11,95.48173954,73.92260808
9/30/2018,Turkey,17.31,16.3324639,3.013170393,4.26808E+11,94.73947465,79.15999965
10/31/2018,Turkey,17.73,16.3324639,3.013170393,4.26808E+11,95.85260939,80.62956636
11/30/2018,Turkey,16.2,16.3324639,3.013170393,4.26808E+11,96.76142883,66.2328573
12/31/2018,Turkey,15.83,16.3324639,3.013170393,4.26808E+11,96.87578984,57.47000022
1/31/2019,Turkey,13.84,15.17682157,0.818514527,4.1487E+11,95.9376188,60.12190501
2/28/2019,Turkey,14.47,15.17682157,0.818514527,4.1487E+11,96.458421,64.27631539
3/31/2019,Turkey,17.86,15.17682157,0.818514527,4.1487E+11,96.7828569,67.0276195
4/30/2019,Turkey,18.95,15.17682157,0.818514527,4.1487E+11,97.35857173,71.62857237
5/31/2019,Turkey,18.16,15.17682157,0.818514527,4.1487E+11,97.74181782,70.31181821
6/30/2019,Turkey,16.2,15.17682157,0.818514527,4.1487E+11,96.80450058,63.03800011
7/31/2019,Turkey,14.91,15.17682157,0.818514527,4.1487E+11,97.36590923,64.25636396
8/31/2019,Turkey,15.69,15.17682157,0.818514527,4.1487E+11,98.00454504,59.50181805
9/30/2019,Turkey,13.2,15.17682157,0.818514527,4.1487E+11,98.59999962,62.46849995
10/31/2019,Turkey,12.67,15.17682157,0.818514527,4.1487E+11,98.17304362,59.63217329
11/30/2019,Turkey,12.18,15.17682157,0.818514527,4.1487E+11,98.06499977,62.65149975
12/31/2019,Turkey,12,15.17682157,0.818514527,4.1487E+11,97.37666684,65.17380887
1/31/2020,Turkey,10,12.27895745,1.85987304,4.2977E+11,97.43619029,63.59999993
2/29/2020,Turkey,12.8,12.27895745,1.85987304,4.2977E+11,98.84315852,55.36210532
3/31/2020,Turkey,13.12,12.27895745,1.85987304,4.2977E+11,98.83500047,33.72909112
4/30/2020,Turkey,11.46,12.27895745,1.85987304,4.2977E+11,99.91285706,26.63142867
5/31/2020,Turkey,12.24,12.27895745,1.85987304,4.2977E+11,99.55300026,32.25600023
6/30/2020,Turkey,11.5,12.27895745,1.85987304,4.2977E+11,97.08772798,40.77272727
7/31/2020,Turkey,12.7,12.27895745,1.85987304,4.2977E+11,95.51409114,43.2413637
8/31/2020,Turkey,13.56,12.27895745,1.85987304,4.2977E+11,93.04428573,45.01999991
9/30/2020,Turkey,12.93,12.27895745,1.85987304,4.2977E+11,93.43714287,41.867143
10/31/2020,Turkey,14.1,12.27895745,1.85987304,4.2977E+11,93.4063634,41.52409103
11/30/2020,Turkey,11.93,12.27895745,1.85987304,4.2977E+11,92.61950111,43.78900013
12/31/2020,Turkey,12.51,12.27895745,1.85987304,4.2977E+11,90.51272722,50.21818196
1/31/2021,Turkey,12.57,19.59649269,11.43939569,4.3637E+11,90.22631555,55.35157916
2/28/2021,Turkey,12.98,19.59649269,11.43939569,4.3637E+11,90.6515788,62.22789423
3/31/2021,Turkey,18.08,19.59649269,11.43939569,4.3637E+11,92.00913039,65.70217381
4/30/2021,Turkey,17.72,19.59649269,11.43939569,4.3637E+11,91.58761887,65.3285715
5/31/2021,Turkey,17.82,19.59649269,11.43939569,4.3637E+11,90.31799965,68.25849991
6/30/2021,Turkey,16.68,19.59649269,11.43939569,4.3637E+11,91.03909128,73.40818162
7/31/2021,Turkey,16.57,19.59649269,11.43939569,4.3637E+11,92.52285803,74.15714337
8/31/2021,Turkey,16.47,19.59649269,11.43939569,4.3637E+11,92.79999958,70.51363616
9/30/2021,Turkey,17.73,19.59649269,11.43939569,4.3637E+11,92.99238041,75.00285594
10/31/2021,Turkey,19.08,19.59649269,11.43939569,4.3637E+11,93.951428,83.74619039
11/30/2021,Turkey,20.2,19.59649269,11.43939569,4.3637E+11,95.27095141,80.78428541
12/31/2021,Turkey,23.05,19.59649269,11.43939569,4.3637E+11,96.19000001,74.7431814
1/31/2022,Turkey,22.49,72.30883599,5.533427875,4.57917E+11,95.96649971,85.52699966
2/28/2022,Turkey,23.07,72.30883599,5.533427875,4.57917E+11,95.99684264,94.03368458
3/31/2022,Turkey,23.96,72.30883599,5.533427875,4.57917E+11,98.46695676,112.4630442
4/30/2022,Turkey,20.27,72.30883599,5.533427875,4.57917E+11,100.7084999,105.9169998
5/31/2022,Turkey,21.56,72.30883599,5.533427875,4.57917E+11,103.1676189,111.497143
6/30/2022,Turkey,18.54,72.30883599,5.533427875,4.57917E+11,103.8442862,117.66381
7/31/2022,Turkey,17.15,72.30883599,5.533427875,4.57917E+11,107.0335003,104.7049995
8/31/2022,Turkey,12.63,72.30883599,5.533427875,4.57917E+11,107.1495653,97.74086894
9/30/2022,Turkey,11.65,72.30883599,5.533427875,4.57917E+11,110.7433334,90.32476116
10/31/2022,Turkey,10.99,72.30883599,5.533427875,4.57917E+11,111.941428,93.59380958
11/30/2022,Turkey,10.65,72.30883599,5.533427875,4.57917E+11,108.1400005,91.11428579
12/31/2022,Turkey,9.87,72.30883599,5.533427875,4.57917E+11,104.5028567,81.34142848
1/31/2023,Turkey,10.52,53.85940876,5.111168185,4.99842E+11,102.7119991,83.87900009
2/28/2023,Turkey,9.99,53.85940876,5.111168185,4.99842E+11,103.66,83.5094733
3/31/2023,Turkey,10.31,53.85940876,5.111168185,4.99842E+11,103.7673914,79.20695628
4/30/2023,Turkey,12.6,53.85940876,5.111168185,4.99842E+11,101.7642099,83.36894788
5/31/2023,Turkey,10.23,53.85940876,5.111168185,4.99842E+11,102.701363,75.63227359
6/30/2023,Turkey,16.34,53.85940876,5.111168185,4.99842E+11,103.1119043,74.92571368
7/31/2023,Turkey,18.41,53.85940876,5.111168185,4.99842E+11,101.3274994,80.35549965
8/31/2023,Turkey,18.45,53.85940876,5.111168185,4.99842E+11,103.0965218,85.10434756
9/30/2023,Turkey,25.52,53.85940876,5.111168185,4.99842E+11,105.3314995,92.76649933
10/31/2023,Turkey,26.37,53.85940876,5.111168185,4.99842E+11,106.3531824,88.70409116
11/30/2023,Turkey,24.27,53.85940876,5.111168185,4.99842E+11,104.5280951,82.0277273
12/31/2023,Turkey,23.69,53.85940876,5.111168185,4.99842E+11,102.6830006,77.32399979
1/31/2024,Turkey,25.1,58.50645073,3.184024355,,102.974762,79.19714319
2/29/2024,Turkey,25.26,58.50645073,3.184024355,,104.104501,81.6239994
3/31/2024,Turkey,25.24,58.50645073,3.184024355,,103.6240009,84.6654995
4/30/2024,Turkey,26.55,58.50645073,3.184024355,,105.4118188,88.99999931
5/31/2024,Turkey,25.95,58.50645073,3.184024355,,104.9650008,82.99181851
6/30/2024,Turkey,26.52,58.50645073,3.184024355,,105.1668428,82.88947417
7/31/2024,Turkey,26.58,58.50645073,3.184024355,,104.6104546,83.71772731
8/31/2024,Turkey,26.73,58.50645073,3.184024355,,102.2127269,78.87500139
9/30/2024,Turkey,26.62,58.50645073,3.184024355,,101.0185001,72.63849945
10/31/2024,Turkey,28.46,58.50645073,3.184024355,,103.3113045,75.37695711
11/30/2024,Turkey,27.35,58.50645073,3.184024355,,105.8434998,73.40699997
12/31/2024,Turkey,27.15,58.50645073,3.184024355,,,
