Date,BRENT
,BZ=F
1/4/2010,80.12000275
1/5/2010,80.58999634
1/6/2010,81.88999939
1/7/2010,81.51000214
1/8/2010,81.37000275
1/11/2010,80.97000122
1/12/2010,79.30000305
1/13/2010,78.30999756
1/14/2010,77.81999969
1/15/2010,77.11000061
1/19/2010,77.62999725
1/20/2010,76.31999969
1/21/2010,74.58000183
1/22/2010,72.83000183
1/25/2010,73.69000244
1/26/2010,73.29000092
1/27/2010,72.23999786
1/28/2010,72.12999725
1/29/2010,71.45999908
2/1/2010,73.11000061
2/2/2010,76.05999756
2/3/2010,75.91999817
2/4/2010,72.12999725
2/5/2010,69.58999634
2/8/2010,70.11000061
2/9/2010,72.12999725
2/10/2010,72.54000092
2/11/2010,73.05000305
2/12/2010,72.90000153
2/16/2010,75.68000031
2/17/2010,76.26999664
2/18/2010,77.77999878
2/19/2010,78.19000244
2/22/2010,78.61000061
2/23/2010,77.25
2/24/2010,78.08999634
2/25/2010,76.29000092
2/26/2010,77.58999634
3/1/2010,76.88999939
3/2/2010,78.18000031
3/3/2010,79.25
3/4/2010,78.54000092
3/5/2010,79.88999939
3/8/2010,80.47000122
3/9/2010,79.91000366
3/10/2010,80.48000336
3/11/2010,80.27999878
3/12/2010,79.38999939
3/15/2010,77.88999939
3/16/2010,79.01999664
3/17/2010,81.95999908
3/18/2010,81.48000336
3/19/2010,79.87999725
3/22/2010,80.54000092
3/23/2010,80.69999695
3/24/2010,79.62000275
3/25/2010,79.61000061
3/26/2010,79.29000092
3/29/2010,81.16999817
3/30/2010,81.27999878
3/31/2010,82.69999695
4/1/2010,84.01000214
4/5/2010,85.87999725
4/6/2010,86.15000153
4/7/2010,85.58999634
4/8/2010,84.80999756
4/9/2010,84.83000183
4/12/2010,84.76999664
4/13/2010,84.72000122
4/14/2010,86.15000153
4/15/2010,87.16999817
4/16/2010,85.98999786
4/19/2010,84.23000336
4/20/2010,84.80000305
4/21/2010,85.69999695
4/22/2010,85.66999817
4/23/2010,87.25
4/26/2010,86.83000183
4/27/2010,85.77999878
4/28/2010,86.16000366
4/29/2010,86.90000153
4/30/2010,87.44000244
5/3/2010,88.94000244
5/5/2010,82.61000061
5/6/2010,79.83000183
5/7/2010,78.26999664
5/10/2010,80.12000275
5/11/2010,80.48999786
5/12/2010,81.19999695
5/13/2010,80.11000061
5/14/2010,77.18000031
5/17/2010,75.09999847
5/18/2010,74.43000031
5/19/2010,73.69000244
5/20/2010,71.83999634
5/21/2010,71.68000031
5/24/2010,71.16999817
5/25/2010,69.55000305
5/26/2010,71.73999786
5/27/2010,74.66000366
5/28/2010,74.01999664
6/1/2010,72.70999908
6/2/2010,73.75
6/3/2010,75.41000366
6/4/2010,72.08999634
6/7/2010,72.08999634
6/8/2010,72.08999634
6/9/2010,72.08999634
6/10/2010,75.29000092
6/11/2010,74.34999847
6/14/2010,75.19999695
6/15/2010,76.19999695
6/16/2010,78.13999939
6/17/2010,78.68000031
6/18/2010,78.22000122
6/21/2010,78.81999969
6/22/2010,78.04000092
6/23/2010,76.26999664
6/24/2010,76.47000122
6/25/2010,78.12000275
6/28/2010,77.58999634
6/29/2010,75.44000244
6/30/2010,75.01000214
7/1/2010,72.33999634
7/2/2010,71.65000153
7/6/2010,71.44999695
7/7/2010,73.51000214
7/8/2010,74.70999908
7/9/2010,75.41999817
7/12/2010,74.37000275
7/13/2010,76.65000153
7/14/2010,76.76999664
7/16/2010,75.37000275
7/19/2010,75.62000275
7/20/2010,76.22000122
7/21/2010,75.37000275
7/22/2010,77.81999969
7/23/2010,77.44999695
7/26/2010,77.5
7/27/2010,76.12999725
7/28/2010,76.05999756
7/29/2010,77.58999634
7/30/2010,78.18000031
8/2/2010,80.81999969
8/3/2010,82.68000031
8/4/2010,82.19999695
8/5/2010,81.61000061
8/6/2010,80.16000366
8/9/2010,80.98999786
8/10/2010,79.59999847
8/11/2010,77.63999939
8/12/2010,75.51999664
8/13/2010,75.11000061
8/16/2010,74.84999847
8/17/2010,76.93000031
8/18/2010,76.47000122
8/19/2010,75.30000305
8/20/2010,74.26000214
8/23/2010,73.62000275
8/24/2010,72.37999725
8/25/2010,73.48000336
8/26/2010,75.01999664
8/27/2010,76.65000153
8/30/2010,76.59999847
8/31/2010,74.63999939
9/1/2010,76.34999847
9/2/2010,76.93000031
9/3/2010,76.66999817
9/7/2010,77.73999786
9/8/2010,78.16999817
9/9/2010,77.47000122
9/10/2010,78.16000366
9/13/2010,79.02999878
9/14/2010,79.16000366
9/15/2010,78.91000366
9/16/2010,78.48000336
9/17/2010,78.20999908
9/20/2010,79.31999969
9/21/2010,78.41999817
9/22/2010,77.94999695
9/23/2010,78.11000061
9/24/2010,78.87000275
9/27/2010,78.56999969
9/28/2010,78.70999908
9/29/2010,80.76999664
9/30/2010,82.30999756
10/1/2010,83.75
10/4/2010,83.27999878
10/5/2010,84.83999634
10/6/2010,85.05999756
10/7/2010,83.43000031
10/8/2010,84.02999878
10/11/2010,83.72000122
10/12/2010,83.5
10/13/2010,84.63999939
10/14/2010,84.52999878
10/15/2010,82.44999695
10/18/2010,84.37000275
10/19/2010,81.09999847
10/20/2010,83.59999847
10/21/2010,81.83000183
10/22/2010,82.95999908
10/25/2010,83.54000092
10/26/2010,83.66000366
10/27/2010,83.23000336
10/28/2010,83.58999634
10/29/2010,83.15000153
11/1/2010,84.62000275
11/2/2010,85.41000366
11/3/2010,86.37999725
11/4/2010,88
11/5/2010,88.11000061
11/8/2010,88.45999908
11/9/2010,88.33000183
11/10/2010,88.95999908
11/11/2010,88.80999756
11/12/2010,86.33999634
11/15/2010,86.69999695
11/16/2010,84.73000336
11/17/2010,83.27999878
11/18/2010,85.05000305
11/19/2010,84.33999634
11/22/2010,83.95999908
11/23/2010,83.25
11/24/2010,85.83999634
11/26/2010,85.58000183
11/29/2010,87.33999634
11/30/2010,85.91999817
12/1/2010,88.87000275
12/2/2010,90.69000244
12/3/2010,91.41999817
12/6/2010,91.44999695
12/7/2010,91.38999939
12/8/2010,90.76999664
12/9/2010,90.98999786
12/10/2010,90.48000336
12/13/2010,91.19000244
12/14/2010,91.20999908
12/15/2010,92.19999695
12/16/2010,91.70999908
12/17/2010,91.66999817
12/20/2010,92.73999786
12/21/2010,93.19999695
12/22/2010,93.65000153
12/23/2010,94.25
12/27/2010,93.84999847
12/28/2010,94.37999725
12/29/2010,94.13999939
12/30/2010,93.08999634
12/31/2010,94.75
1/3/2011,94.83999634
1/4/2011,93.52999878
1/5/2011,95.5
1/6/2011,94.51999664
1/7/2011,93.33000183
1/10/2011,95.69999695
1/11/2011,97.61000061
1/12/2011,98.12000275
1/13/2011,98.05999756
1/18/2011,97.80000305
1/19/2011,98.16000366
1/20/2011,96.58000183
1/21/2011,97.59999847
1/24/2011,96.61000061
1/25/2011,95.25
1/26/2011,97.91000366
1/27/2011,97.38999939
1/28/2011,99.41999817
1/31/2011,101.0100021
2/1/2011,101.7399979
2/2/2011,102.3399963
2/3/2011,101.7600021
2/4/2011,99.83000183
2/7/2011,99.25
2/8/2011,99.91999817
2/9/2011,101.8199997
2/10/2011,100.8700027
2/11/2011,101.4300003
2/14/2011,103.0800018
2/15/2011,101.6399994
2/16/2011,103.7799988
2/17/2011,102.5899963
2/18/2011,102.5199966
2/22/2011,105.7799988
2/23/2011,111.25
2/24/2011,111.3600006
2/25/2011,112.1399994
2/28/2011,111.8000031
3/1/2011,115.4199982
3/2/2011,116.3499985
3/3/2011,114.7900009
3/4/2011,115.9700012
3/7/2011,115.0400009
3/8/2011,113.0599976
3/9/2011,115.9400024
3/10/2011,115.4300003
3/11/2011,113.8399963
3/14/2011,113.6699982
3/15/2011,108.5199966
3/16/2011,110.6200027
3/17/2011,114.9000015
3/18/2011,113.9300003
3/21/2011,114.9599991
3/22/2011,115.6999969
3/23/2011,115.5500031
3/24/2011,115.7200012
3/25/2011,115.5899963
3/28/2011,114.8000031
3/30/2011,115.1299973
3/31/2011,117.3600006
4/1/2011,118.6999969
4/4/2011,121.0599976
4/5/2011,122.2200012
4/6/2011,122.3000031
4/7/2011,122.6699982
4/8/2011,126.6500015
4/11/2011,123.9800034
4/12/2011,120.9199982
4/13/2011,122.8799973
4/14/2011,122.3600006
4/15/2011,123.4499969
4/18/2011,121.6100006
4/19/2011,121.3300018
4/21/2011,123.9899979
4/25/2011,123.6600037
4/26/2011,124.1399994
4/27/2011,125.1299973
4/28/2011,125.0199966
4/29/2011,125.8899994
5/2/2011,125.1200027
5/3/2011,122.4499969
5/4/2011,121.1900024
5/5/2011,110.8000031
5/6/2011,109.1299973
5/9/2011,115.9000015
5/10/2011,117.6299973
5/11/2011,112.5699997
5/12/2011,112.9800034
5/13/2011,113.8300018
5/16/2011,112.7300034
5/17/2011,109.9899979
5/18/2011,112.3000031
5/19/2011,111.4199982
5/20/2011,112.3899994
5/23/2011,110.0999985
5/24/2011,112.5299988
5/25/2011,114.9300003
5/26/2011,115.0500031
5/27/2011,115.0299988
5/31/2011,116.7300034
6/1/2011,114.5299988
6/2/2011,115.5400009
6/3/2011,115.8399963
6/6/2011,114.4800034
6/7/2011,116.7799988
6/8/2011,117.8499985
6/9/2011,119.5699997
6/10/2011,118.7799988
6/13/2011,119.0999985
6/14/2011,120.1600037
6/15/2011,117.0999985
6/16/2011,114.0199966
6/17/2011,113.2099991
6/20/2011,111.6900024
6/21/2011,110.9499969
6/22/2011,114.2099991
6/23/2011,107.2600021
6/24/2011,105.1200027
6/27/2011,105.9899979
6/28/2011,108.7799988
6/29/2011,112.4000015
6/30/2011,112.4800034
7/1/2011,111.7699966
7/6/2011,113.6200027
7/7/2011,118.5899963
7/8/2011,118.3300018
7/11/2011,117.2399979
7/12/2011,117.75
7/14/2011,118.3199997
7/15/2011,117.2600021
7/18/2011,116.0500031
7/20/2011,118.1500015
7/21/2011,117.5100021
7/22/2011,118.6699982
7/25/2011,117.9400024
7/26/2011,118.2799988
7/27/2011,117.4300003
7/28/2011,117.3600006
7/29/2011,116.7399979
8/1/2011,116.8099976
8/2/2011,116.4599991
8/3/2011,113.2300034
8/4/2011,107.25
8/5/2011,109.3700027
8/8/2011,103.7399979
8/9/2011,102.5699997
8/10/2011,106.6800003
8/11/2011,108.0199966
8/12/2011,108.0299988
8/15/2011,109.9100037
8/17/2011,110.5999985
8/18/2011,106.9899979
8/19/2011,108.6200027
8/22/2011,108.3600006
8/23/2011,109.3099976
8/24/2011,110.1500015
8/26/2011,111.3600006
8/29/2011,111.8799973
8/30/2011,114.0199966
8/31/2011,114.8499985
9/1/2011,114.2900009
9/2/2011,112.3300018
9/6/2011,112.8899994
9/7/2011,115.8000031
9/8/2011,114.5500031
9/9/2011,112.7699966
9/12/2011,112.25
9/13/2011,111.8899994
9/14/2011,112.4000015
9/15/2011,115.3399963
9/16/2011,112.2200012
9/19/2011,109.1399994
9/20/2011,110.5400009
9/21/2011,110.3600006
9/22/2011,105.4899979
9/23/2011,103.9700012
9/27/2011,107.1399994
9/28/2011,103.8099976
9/29/2011,103.9499969
9/30/2011,102.7600021
10/3/2011,101.7099991
10/4/2011,99.79000092
10/6/2011,105.7300034
10/7/2011,105.8799973
10/10/2011,108.9499969
10/11/2011,110.7300034
10/12/2011,111.3600006
10/13/2011,111.1100006
10/14/2011,114.6800003
10/17/2011,110.1600037
10/18/2011,111.1500015
10/19/2011,108.3899994
10/20/2011,109.7600021
10/21/2011,109.5599976
10/24/2011,111.4499969
10/25/2011,110.9199982
10/26/2011,108.9100037
10/27/2011,112.0800018
10/28/2011,109.9100037
10/31/2011,109.5599976
11/1/2011,109.5400009
11/2/2011,109.3399963
11/3/2011,110.8300018
11/4/2011,111.9700012
11/7/2011,114.5599976
11/8/2011,115
11/9/2011,112.3099976
11/10/2011,113.7099991
11/11/2011,114.1600037
11/14/2011,111.8899994
11/15/2011,112.3899994
11/16/2011,111.8799973
11/17/2011,108.2200012
11/18/2011,107.5599976
11/22/2011,109.0299988
11/23/2011,107.0199966
11/25/2011,106.4000015
11/28/2011,109
11/29/2011,110.8199997
12/1/2011,108.9899979
12/2/2011,109.9400024
12/5/2011,109.8099976
12/6/2011,110.8099976
12/7/2011,109.5299988
12/8/2011,108.1100006
12/9/2011,108.6200027
12/12/2011,107.2600021
12/13/2011,109.5
12/14/2011,105.0199966
12/15/2011,105.0899963
12/16/2011,103.3499985
12/19/2011,103.6399994
12/20/2011,106.7300034
12/21/2011,107.7099991
12/22/2011,107.8899994
12/23/2011,107.9599991
12/27/2011,109.2699966
12/28/2011,107.5599976
12/29/2011,108.0100021
12/30/2011,107.3799973
1/3/2012,112.1299973
1/4/2012,113.6999969
1/5/2012,112.7399979
1/6/2012,113.0599976
1/9/2012,112.4499969
1/10/2012,113.2799988
1/11/2012,112.2399979
1/12/2012,111.2600021
1/13/2012,110.4400024
1/17/2012,111.5299988
1/18/2012,110.6600037
1/19/2012,111.5500031
1/20/2012,109.8600006
1/23/2012,110.5800018
1/24/2012,110.0299988
1/25/2012,109.8099976
1/26/2012,110.7900009
1/27/2012,111.4599991
1/30/2012,110.75
1/31/2012,110.9800034
2/1/2012,111.5599976
2/2/2012,112.0699997
2/3/2012,114.5800018
2/6/2012,115.9300003
2/7/2012,116.2300034
2/8/2012,117.1999969
2/9/2012,118.5899963
2/10/2012,117.3099976
2/13/2012,117.9300003
2/14/2012,118.1600037
2/15/2012,118.9300003
2/16/2012,120.1100006
2/17/2012,119.5800018
2/21/2012,121.6600037
2/22/2012,122.9000015
2/23/2012,123.6200027
2/24/2012,125.4700012
2/27/2012,124.1699982
2/28/2012,121.5500031
2/29/2012,122.6600037
3/1/2012,126.1999969
3/2/2012,123.6500015
3/5/2012,123.8000031
3/6/2012,121.9800034
3/7/2012,124.1200027
3/8/2012,125.4400024
3/9/2012,125.9800034
3/12/2012,125.3399963
3/13/2012,126.2200012
3/14/2012,124.9700012
3/15/2012,123.5500031
3/16/2012,125.8099976
3/19/2012,125.7099991
3/20/2012,124.1200027
3/21/2012,124.1999969
3/22/2012,123.1399994
3/23/2012,125.1299973
3/26/2012,125.6500015
3/27/2012,125.5400009
3/28/2012,124.1600037
3/29/2012,122.3899994
3/30/2012,122.8799973
4/2/2012,125.4300003
4/3/2012,124.8600006
4/4/2012,122.3399963
4/5/2012,123.4300003
4/9/2012,122.6699982
4/10/2012,119.8799973
4/11/2012,120.1800003
4/12/2012,121.7099991
4/13/2012,121.8300018
4/16/2012,118.6800003
4/17/2012,118.7799988
4/18/2012,117.9700012
4/19/2012,118
4/20/2012,118.7600021
4/23/2012,118.7099991
4/24/2012,118.1600037
4/25/2012,119.1200027
4/26/2012,119.9199982
4/27/2012,119.8300018
4/30/2012,119.4700012
5/1/2012,119.6600037
5/2/2012,118.1999969
5/3/2012,116.0800018
5/4/2012,113.1800003
5/7/2012,113.1600037
5/8/2012,112.7300034
5/9/2012,113.1999969
5/10/2012,112.7300034
5/11/2012,112.2600021
5/14/2012,111.5699997
5/15/2012,112.2399979
5/16/2012,111.7099991
5/17/2012,107.4899979
5/18/2012,107.1399994
5/21/2012,108.8099976
5/22/2012,108.4100037
5/23/2012,105.5599976
5/24/2012,106.5500031
5/25/2012,106.8300018
5/29/2012,106.6800003
5/30/2012,103.4700012
5/31/2012,101.8700027
6/1/2012,98.43000031
6/4/2012,98.84999847
6/5/2012,98.83999634
6/6/2012,100.6399994
6/7/2012,99.93000031
6/8/2012,99.47000122
6/11/2012,98
6/12/2012,97.13999939
6/13/2012,97.12999725
6/14/2012,97.02999878
6/15/2012,97.61000061
6/18/2012,96.05000305
6/19/2012,95.76000214
6/20/2012,92.69000244
6/21/2012,89.23000336
6/22/2012,90.98000336
6/25/2012,91.01000214
6/26/2012,93.01999664
6/27/2012,93.5
6/28/2012,91.36000061
6/29/2012,97.80000305
7/2/2012,97.33999634
7/3/2012,100.6800003
7/5/2012,100.6999969
7/6/2012,98.19000244
7/9/2012,100.3199997
7/10/2012,97.97000122
7/11/2012,100.2300034
7/12/2012,101.0699997
7/13/2012,102.4000015
7/16/2012,103.5500031
7/17/2012,104
7/18/2012,105.1600037
7/19/2012,107.8000031
7/20/2012,106.8300018
7/23/2012,103.2600021
7/24/2012,103.4199982
7/25/2012,104.3799973
7/26/2012,105.2600021
7/27/2012,106.4700012
7/30/2012,106.1999969
7/31/2012,104.9199982
8/1/2012,105.9599991
8/2/2012,105.9000015
8/3/2012,108.9400024
8/6/2012,109.5500031
8/7/2012,112
8/8/2012,112.1399994
8/9/2012,113.2200012
8/10/2012,112.9499969
8/13/2012,113.5999985
8/14/2012,114.0299988
8/15/2012,116.25
8/16/2012,116.9000015
8/17/2012,113.7099991
8/20/2012,113.6999969
8/21/2012,114.6399994
8/22/2012,114.9100037
8/23/2012,115.0100021
8/24/2012,113.5899963
8/27/2012,112.2600021
8/28/2012,112.5800018
8/29/2012,112.5400009
8/30/2012,112.6500015
8/31/2012,114.5699997
9/4/2012,114.1800003
9/5/2012,113.0899963
9/6/2012,113.4899979
9/7/2012,114.25
9/10/2012,114.8099976
9/11/2012,115.4000015
9/12/2012,115.9599991
9/13/2012,116.9000015
9/18/2012,112.0299988
9/19/2012,108.1900024
9/20/2012,110.0299988
9/21/2012,111.4199982
9/24/2012,109.8099976
9/25/2012,110.4499969
9/26/2012,110.0400009
9/27/2012,112.0100021
9/28/2012,112.3899994
10/1/2012,112.1900024
10/2/2012,111.5699997
10/3/2012,108.1699982
10/4/2012,112.5800018
10/5/2012,112.0199966
10/8/2012,111.8199997
10/9/2012,114.5
10/10/2012,114.3300018
10/11/2012,115.7099991
10/12/2012,114.6200027
10/15/2012,115.8000031
10/16/2012,115.0699997
10/19/2012,110.1399994
10/22/2012,109.4400024
10/23/2012,108.25
10/24/2012,107.8499985
10/25/2012,108.4899979
10/26/2012,109.5500031
10/31/2012,108.6999969
11/1/2012,108.1699982
11/2/2012,105.6800003
11/5/2012,107.7300034
11/6/2012,111.0699997
11/7/2012,106.8199997
11/8/2012,107.25
11/9/2012,109.4000015
11/12/2012,109.0699997
11/13/2012,108.2600021
11/14/2012,109.6100006
11/15/2012,110.9800034
11/19/2012,110.8399963
11/20/2012,109.8300018
11/21/2012,110.8600006
11/23/2012,111.3799973
11/26/2012,110.9199982
11/27/2012,109.8700027
11/28/2012,109.5100021
11/29/2012,110.7600021
11/30/2012,111.2300034
12/3/2012,110.9199982
12/4/2012,109.8399963
12/5/2012,108.8099976
12/6/2012,107.0299988
12/7/2012,107.0199966
12/10/2012,107.3300018
12/11/2012,108.0100021
12/12/2012,109.5
12/13/2012,107.9100037
12/14/2012,109.1500015
12/19/2012,110.3600006
12/20/2012,110.1999969
12/21/2012,108.9700012
12/24/2012,108.8000031
12/26/2012,111.0699997
12/27/2012,110.8000031
12/28/2012,110.6200027
12/31/2012,111.1100006
1/2/2013,112.4700012
1/3/2013,112.1399994
1/4/2013,111.3099976
1/7/2013,111.4000015
1/8/2013,111.9400024
1/9/2013,111.7600021
1/10/2013,111.8899994
1/11/2013,110.6399994
1/14/2013,111.8799973
1/15/2013,110.3000031
1/16/2013,110.6100006
1/17/2013,110.6100006
1/18/2013,110.6100006
1/22/2013,112.4199982
1/23/2013,112.8000031
1/24/2013,113.2799988
1/25/2013,113.2799988
1/28/2013,113.4800034
1/29/2013,114.3600006
1/30/2013,114.9000015
1/31/2013,115.5500031
2/1/2013,116.7600021
2/4/2013,115.5999985
2/5/2013,116.5199966
2/6/2013,116.7300034
2/7/2013,117.2399979
2/8/2013,118.9000015
2/11/2013,118.1299973
2/12/2013,118.6600037
2/13/2013,118.7200012
2/14/2013,118.5800018
2/15/2013,118.5800018
2/19/2013,117.5199966
2/20/2013,115.5999985
2/21/2013,113.5299988
2/22/2013,114.0999985
2/25/2013,114.4400024
2/26/2013,112.7099991
2/27/2013,111.8700027
2/28/2013,111.3799973
3/1/2013,110.4000015
3/4/2013,110.0899963
3/5/2013,111.6100006
3/6/2013,111.0599976
3/7/2013,111.1500015
3/8/2013,110.8499985
3/11/2013,110.2200012
3/12/2013,109.6500015
3/13/2013,108.5199966
3/14/2013,109.4199982
3/15/2013,109.3799973
3/19/2013,107.4499969
3/20/2013,108.7200012
3/21/2013,107.4700012
3/22/2013,107.6600037
3/25/2013,108.1699982
3/26/2013,109.3600006
3/27/2013,109.6900024
3/28/2013,110.0199966
4/1/2013,111.0800018
4/2/2013,110.6900024
4/3/2013,107.1100006
4/4/2013,106.3399963
4/5/2013,104.1200027
4/8/2013,104.6600037
4/9/2013,106.2300034
4/10/2013,105.7900009
4/11/2013,104.2699966
4/12/2013,103.1100006
4/15/2013,100.3899994
4/16/2013,100.3600006
4/17/2013,100.3600006
4/18/2013,99.12999725
4/19/2013,99.65000153
4/22/2013,100.3899994
4/23/2013,100.3099976
4/24/2013,101.7300034
4/25/2013,103.4100037
4/26/2013,103.1600037
4/29/2013,103.8099976
4/30/2013,102.3700027
5/1/2013,99.94999695
5/2/2013,102.8499985
5/3/2013,104.1900024
5/6/2013,105.4599991
5/7/2013,104.4000015
5/8/2013,104.3399963
5/9/2013,104.4700012
5/10/2013,103.9100037
5/13/2013,102.8199997
5/14/2013,102.5999985
5/15/2013,103.6800003
5/16/2013,103.8000031
5/17/2013,103.7200012
5/20/2013,103.7200012
5/21/2013,103.9100037
5/22/2013,102.5999985
5/23/2013,102.4400024
5/24/2013,102.6399994
5/28/2013,104.2300034
5/29/2013,102.4300003
5/30/2013,102.1900024
5/31/2013,100.3899994
6/3/2013,102.0599976
6/4/2013,103.2399979
6/5/2013,103.0400009
6/6/2013,103.6100006
6/7/2013,104.5599976
6/10/2013,103.9499969
6/11/2013,102.9599991
6/12/2013,103.4899979
6/13/2013,104.25
6/14/2013,104.2900009
6/18/2013,106.0199966
6/19/2013,106.1200027
6/20/2013,102.1500015
6/21/2013,100.9100037
6/24/2013,101.1600037
6/25/2013,101.2600021
6/26/2013,101.6600037
6/27/2013,102.8199997
6/28/2013,102.1600037
7/1/2013,103
7/2/2013,104
7/3/2013,105.7600021
7/5/2013,107.7200012
7/8/2013,107.4300003
7/9/2013,107.8099976
7/10/2013,108.5100021
7/11/2013,107.7300034
7/12/2013,108.8099976
7/15/2013,109.0899963
7/16/2013,109.4000015
7/17/2013,109.3600006
7/19/2013,108.0699997
7/22/2013,108.1500015
7/23/2013,108.4199982
7/24/2013,107.1900024
7/25/2013,107.6500015
7/26/2013,107.1699982
7/29/2013,107.4499969
7/30/2013,106.9100037
7/31/2013,107.6999969
8/1/2013,109.5400009
8/2/2013,108.9499969
8/5/2013,108.6999969
8/6/2013,108.1800003
8/7/2013,107.4400024
8/8/2013,106.6800003
8/9/2013,108.2200012
8/12/2013,108.9700012
8/13/2013,109.8199997
8/14/2013,110.1999969
8/15/2013,111.1100006
8/16/2013,111.1699982
8/20/2013,110.1500015
8/21/2013,109.8099976
8/22/2013,109.9000015
8/23/2013,111.0400009
8/26/2013,110.7300034
8/27/2013,114.3600006
8/28/2013,116.6100006
8/29/2013,115.1600037
8/30/2013,114.0100021
9/3/2013,115.6800003
9/4/2013,114.9100037
9/5/2013,115.2600021
9/6/2013,116.1200027
9/9/2013,113.7200012
9/10/2013,111.25
9/11/2013,111.5
9/12/2013,112.6299973
9/13/2013,112.7799988
9/18/2013,110.5999985
9/19/2013,108.7600021
9/20/2013,109.2200012
9/23/2013,108.1600037
9/24/2013,108.6399994
9/25/2013,108.3199997
9/26/2013,109.2099991
9/27/2013,108.6299973
9/30/2013,108.3700027
10/1/2013,107.9400024
10/2/2013,109.1900024
10/3/2013,109
10/4/2013,109.4599991
10/7/2013,109.6800003
10/8/2013,110.1600037
10/9/2013,109.0599976
10/10/2013,111.8000031
10/11/2013,111.2799988
10/14/2013,111.0400009
10/15/2013,109.9599991
10/16/2013,110.8600006
10/17/2013,110.9700012
10/21/2013,109.6399994
10/22/2013,109.9700012
10/23/2013,107.8000031
10/24/2013,106.9899979
10/25/2013,106.9300003
10/28/2013,109.6100006
10/29/2013,109.0100021
10/30/2013,109.8600006
10/31/2013,108.8399963
11/1/2013,105.9100037
11/4/2013,106.2300034
11/5/2013,105.3300018
11/6/2013,105.2399979
11/7/2013,103.4599991
11/8/2013,105.1200027
11/11/2013,106.4000015
11/12/2013,105.8099976
11/13/2013,107.1200027
11/14/2013,108.5400009
11/15/2013,108.5500031
11/19/2013,106.9199982
11/20/2013,108.0599976
11/21/2013,110.0800018
11/22/2013,111.0500031
11/25/2013,111
11/26/2013,110.8799973
11/27/2013,111.3099976
11/29/2013,109.6900024
12/2/2013,111.4499969
12/3/2013,112.6200027
12/4/2013,111.8799973
12/5/2013,110.9800034
12/6/2013,111.6100006
12/9/2013,109.3899994
12/10/2013,109.3799973
12/11/2013,109.6999969
12/12/2013,108.6699982
12/13/2013,108.8300018
12/16/2013,110.4700012
12/17/2013,110.4100037
12/19/2013,110.2900009
12/20/2013,111.7699966
12/23/2013,111.5599976
12/24/2013,111.9000015
12/26/2013,111.9800034
12/27/2013,112.1800003
12/30/2013,111.2099991
12/31/2013,110.8000031
1/2/2014,107.7799988
1/3/2014,106.8899994
1/6/2014,106.7300034
1/7/2014,107.3499985
1/8/2014,107.1500015
1/9/2014,106.3899994
1/10/2014,107.25
1/13/2014,106.75
1/14/2014,106.3899994
1/15/2014,107.1299973
1/16/2014,107.0899963
1/17/2014,107.0599976
1/22/2014,108.2699966
1/23/2014,107.5800018
1/24/2014,107.8799973
1/27/2014,106.6900024
1/28/2014,107.4100037
1/29/2014,107.8499985
1/30/2014,107.9499969
1/31/2014,106.4000015
2/3/2014,106.0400009
2/4/2014,105.7799988
2/5/2014,106.25
2/6/2014,107.1900024
2/7/2014,109.5699997
2/10/2014,108.6299973
2/11/2014,108.6800003
2/12/2014,108.7900009
2/13/2014,108.7300034
2/14/2014,108.7300034
2/19/2014,110.4700012
2/20/2014,110.3000031
2/21/2014,109.8499985
2/24/2014,110.6399994
2/25/2014,109.5100021
2/26/2014,109.5199966
2/27/2014,108.9599991
2/28/2014,109.0699997
3/3/2014,111.1999969
3/4/2014,109.3000031
3/5/2014,107.7600021
3/6/2014,108.0999985
3/7/2014,109
3/10/2014,108.0800018
3/11/2014,108.5500031
3/12/2014,108.0199966
3/13/2014,107.3899994
3/14/2014,108.5699997
3/17/2014,108.5400009
3/18/2014,106.7900009
3/19/2014,105.8499985
3/20/2014,106.4499969
3/21/2014,106.9199982
3/24/2014,106.8099976
3/25/2014,106.9899979
3/26/2014,107.0299988
3/27/2014,107.8300018
3/28/2014,108.0699997
3/31/2014,107.7600021
4/1/2014,105.6200027
4/2/2014,104.7900009
4/3/2014,106.1500015
4/4/2014,106.7200012
4/7/2014,105.8199997
4/8/2014,107.6699982
4/9/2014,107.9800034
4/10/2014,107.4599991
4/11/2014,107.3300018
4/14/2014,109.0699997
4/15/2014,108.7399979
4/16/2014,108.8000031
4/17/2014,109.5299988
4/21/2014,109.9499969
4/22/2014,109.2699966
4/23/2014,109.1100006
4/24/2014,110.3300018
4/25/2014,109.5800018
4/28/2014,108.1200027
4/29/2014,108.9800034
4/30/2014,108.0699997
5/1/2014,107.7600021
5/2/2014,108.5899963
5/5/2014,107.7200012
5/6/2014,107.0599976
5/7/2014,108.1299973
5/8/2014,108.0400009
5/9/2014,107.8899994
5/12/2014,108.4100037
5/13/2014,109.2399979
5/14/2014,110.1900024
5/15/2014,110.4400024
5/16/2014,110.4199982
5/19/2014,109.3700027
5/20/2014,109.6900024
5/21/2014,110.5500031
5/22/2014,110.3600006
5/23/2014,110.5400009
5/27/2014,110.0199966
5/28/2014,109.8099976
5/29/2014,109.9700012
5/30/2014,109.4100037
6/2/2014,108.8300018
6/3/2014,108.8199997
6/4/2014,108.4000015
6/5/2014,108.7900009
6/6/2014,108.6100006
6/9/2014,109.9899979
6/10/2014,109.5199966
6/11/2014,109.9499969
6/12/2014,113.0199966
6/13/2014,113.4100037
6/16/2014,113.2200012
6/17/2014,113.4499969
6/18/2014,114.2600021
6/19/2014,115.0599976
6/20/2014,114.8099976
6/23/2014,114.1200027
6/24/2014,114.4599991
6/25/2014,114
6/26/2014,113.2099991
6/27/2014,113.3000031
6/30/2014,112.3600006
7/1/2014,112.2900009
7/2/2014,111.2399979
7/3/2014,111
7/7/2014,110.2399979
7/8/2014,108.9400024
7/9/2014,108.2799988
7/10/2014,108.6699982
7/11/2014,106.6600037
7/14/2014,106.9800034
7/15/2014,106.0199966
7/16/2014,105.8499985
7/17/2014,105.9599991
7/18/2014,107.2399979
7/21/2014,107.6800003
7/22/2014,107.3300018
7/23/2014,108.0299988
7/24/2014,107.0699997
7/25/2014,108.3899994
7/28/2014,107.5699997
7/29/2014,107.7200012
7/30/2014,106.5100021
7/31/2014,106.0199966
8/1/2014,104.8399963
8/4/2014,105.4100037
8/5/2014,104.6100006
8/6/2014,104.5899963
8/7/2014,105.4400024
8/8/2014,105.0199966
8/11/2014,104.6800003
8/12/2014,103.0199966
8/13/2014,104.2799988
8/14/2014,102.0100021
8/15/2014,101.9499969
8/18/2014,101.5999985
8/19/2014,101.5599976
8/20/2014,102.2799988
8/21/2014,102.6299973
8/22/2014,102.2900009
8/25/2014,102.6500015
8/26/2014,102.5
8/27/2014,102.7200012
8/28/2014,102.4599991
8/29/2014,103.1900024
9/2/2014,100.3399963
9/3/2014,102.7699966
9/4/2014,101.8300018
9/5/2014,100.8199997
9/8/2014,100.1999969
9/9/2014,99.16000366
9/10/2014,98.04000092
9/11/2014,98.08000183
9/12/2014,97.11000061
9/15/2014,96.65000153
9/16/2014,96.62999725
9/17/2014,98.97000122
9/18/2014,97.69999695
9/19/2014,98.38999939
9/22/2014,96.97000122
9/23/2014,96.84999847
9/24/2014,96.94999695
9/25/2014,97
9/26/2014,97
9/29/2014,97.19999695
9/30/2014,94.66999817
10/1/2014,94.16000366
10/2/2014,93.41999817
10/3/2014,92.30999756
10/6/2014,92.79000092
10/7/2014,92.11000061
10/8/2014,91.37999725
10/9/2014,90.05000305
10/10/2014,90.20999908
10/13/2014,88.88999939
10/14/2014,85.04000092
10/15/2014,83.77999878
10/16/2014,84.47000122
10/17/2014,84.54000092
10/20/2014,85.40000153
10/21/2014,86.22000122
10/22/2014,84.70999908
10/23/2014,86.83000183
10/24/2014,86.12999725
10/27/2014,85.83000183
10/28/2014,86.02999878
10/29/2014,87.12000275
10/30/2014,86.23999786
10/31/2014,85.86000061
11/3/2014,84.77999878
11/4/2014,82.81999969
11/5/2014,82.94999695
11/6/2014,82.86000061
11/7/2014,83.38999939
11/10/2014,82.33999634
11/11/2014,81.66999817
11/12/2014,80.37999725
11/13/2014,77.91999817
11/14/2014,77.73999786
11/17/2014,79.30999756
11/18/2014,78.47000122
11/19/2014,78.09999847
11/20/2014,79.33000183
11/21/2014,80.36000061
11/24/2014,79.68000031
11/25/2014,78.33000183
11/26/2014,77.75
11/28/2014,70.15000153
12/1/2014,72.54000092
12/2/2014,70.54000092
12/3/2014,69.91999817
12/4/2014,69.63999939
12/5/2014,69.06999969
12/8/2014,66.19000244
12/9/2014,66.83999634
12/10/2014,64.23999786
12/11/2014,63.68000031
12/12/2014,61.84999847
12/15/2014,61.06000137
12/16/2014,59.86000061
12/17/2014,59.79999924
12/18/2014,59.27000046
12/19/2014,61.38000107
12/22/2014,60.11000061
12/23/2014,61.68999863
12/24/2014,60.24000168
12/26/2014,59.45000076
12/29/2014,57.88000107
12/30/2014,57.90000153
12/31/2014,57.33000183
1/2/2015,56.41999817
1/5/2015,53.11000061
1/6/2015,51.09999847
1/7/2015,51.15000153
1/8/2015,50.95999908
1/9/2015,50.11000061
1/12/2015,47.43000031
1/13/2015,46.59000015
1/14/2015,48.68999863
1/15/2015,47.66999817
1/16/2015,47.68999863
1/20/2015,47.99000168
1/21/2015,49.02999878
1/22/2015,48.52000046
1/23/2015,48.79000092
1/26/2015,48.15999985
1/27/2015,49.59999847
1/28/2015,48.47000122
1/29/2015,49.13000107
1/30/2015,52.99000168
2/2/2015,54.75
2/3/2015,57.90999985
2/4/2015,54.15999985
2/5/2015,56.56999969
2/6/2015,57.79999924
2/9/2015,58.34000015
2/10/2015,56.43000031
2/11/2015,54.65999985
2/12/2015,57.04999924
2/13/2015,57.38999939
2/17/2015,62.52999878
2/18/2015,60.52999878
2/19/2015,60.20999908
2/20/2015,60.22000122
2/23/2015,58.90000153
2/24/2015,58.65999985
2/25/2015,61.63000107
2/26/2015,60.04999924
2/27/2015,62.58000183
3/2/2015,59.54000092
3/3/2015,61.02000046
3/4/2015,60.54999924
3/5/2015,60.47999954
3/6/2015,59.72999954
3/9/2015,58.52999878
3/10/2015,56.38999939
3/11/2015,57.54000092
3/12/2015,57.08000183
3/13/2015,54.66999817
3/16/2015,53.43999863
3/17/2015,53.43000031
3/18/2015,55.90999985
3/19/2015,54.43000031
3/20/2015,55.31999969
3/23/2015,55.91999817
3/24/2015,55.11000061
3/25/2015,56.47999954
3/26/2015,59.18999863
3/27/2015,56.40999985
3/30/2015,56.29000092
3/31/2015,55.11000061
4/1/2015,57.09999847
4/2/2015,54.95000076
4/6/2015,58.11999893
4/7/2015,59.09999847
4/8/2015,55.54999924
4/9/2015,56.56999969
4/10/2015,57.86999893
4/13/2015,57.93000031
4/14/2015,58.43000031
4/15/2015,60.31999969
4/16/2015,60.40000153
4/17/2015,63.45000076
4/20/2015,63.45000076
4/21/2015,62.08000183
4/22/2015,62.72999954
4/23/2015,64.84999847
4/24/2015,65.27999878
4/27/2015,64.83000183
4/28/2015,64.63999939
4/29/2015,65.83999634
4/30/2015,66.77999878
5/1/2015,66.45999908
5/4/2015,66.44999695
5/5/2015,67.51999664
5/6/2015,67.76999664
5/7/2015,65.54000092
5/8/2015,65.38999939
5/11/2015,64.91000366
5/12/2015,66.86000061
5/13/2015,66.80999756
5/14/2015,66.58999634
5/15/2015,66.56999969
5/18/2015,66.26999664
5/19/2015,64.01999664
5/20/2015,65.02999878
5/21/2015,66.54000092
5/22/2015,65.37000275
5/26/2015,63.72000122
5/27/2015,62.06000137
5/28/2015,62.58000183
5/29/2015,65.55999756
6/1/2015,64.87999725
6/2/2015,65.48999786
6/3/2015,63.79999924
6/4/2015,62.02999878
6/5/2015,63.31000137
6/8/2015,62.68999863
6/9/2015,64.87999725
6/10/2015,65.69999695
6/11/2015,65.11000061
6/12/2015,63.86999893
6/15/2015,62.61000061
6/16/2015,62.63000107
6/17/2015,63.86999893
6/18/2015,64.26000214
6/19/2015,63.02000046
6/22/2015,63.34000015
6/23/2015,64.44999695
6/24/2015,63.49000168
6/25/2015,63.20000076
6/26/2015,63.25999832
6/29/2015,62.00999832
6/30/2015,63.59000015
7/1/2015,62.00999832
7/2/2015,62.06999969
7/6/2015,56.54000092
7/7/2015,56.84999847
7/8/2015,57.04999924
7/9/2015,58.61000061
7/10/2015,58.72999954
7/13/2015,57.84999847
7/14/2015,58.50999832
7/15/2015,57.04999924
7/16/2015,57.50999832
7/17/2015,57.52000046
7/20/2015,56.65000153
7/21/2015,57.04000092
7/22/2015,56.13000107
7/23/2015,55.27000046
7/24/2015,54.61999893
7/27/2015,53.47000122
7/28/2015,53.29999924
7/29/2015,53.38000107
7/30/2015,53.31000137
7/31/2015,52.20999908
8/3/2015,49.52000046
8/4/2015,49.99000168
8/5/2015,49.59000015
8/6/2015,49.52000046
8/7/2015,48.61000061
8/10/2015,50.40999985
8/11/2015,49.18000031
8/12/2015,49.65999985
8/13/2015,49.22000122
8/14/2015,49.02999878
8/17/2015,49.02999878
8/18/2015,48.81000137
8/19/2015,47.15999985
8/20/2015,46.61999893
8/21/2015,45.45999908
8/24/2015,42.68999863
8/25/2015,43.20999908
8/26/2015,43.13999939
8/27/2015,47.56000137
8/28/2015,50.04999924
8/31/2015,54.15000153
9/1/2015,49.56000137
9/2/2015,50.5
9/3/2015,50.68000031
9/4/2015,49.61000061
9/8/2015,49.52000046
9/9/2015,47.58000183
9/10/2015,48.88999939
9/11/2015,48.13999939
9/14/2015,46.36999893
9/15/2015,46.63000107
9/16/2015,46.61000061
9/17/2015,49.08000183
9/18/2015,47.47000122
9/21/2015,48.91999817
9/22/2015,49.08000183
9/23/2015,47.75
9/24/2015,48.16999817
9/25/2015,48.59999847
9/28/2015,47.34000015
9/29/2015,48.22999954
9/30/2015,48.36999893
10/1/2015,47.68999863
10/2/2015,48.13000107
10/5/2015,49.25
10/6/2015,51.91999817
10/7/2015,51.33000183
10/8/2015,53.04999924
10/9/2015,52.65000153
10/12/2015,49.86000061
10/13/2015,49.24000168
10/14/2015,49.15000153
10/15/2015,48.70999908
10/16/2015,48.72999954
10/19/2015,48.61000061
10/20/2015,48.70999908
10/21/2015,47.84999847
10/22/2015,48.08000183
10/23/2015,47.99000168
10/26/2015,47.54000092
10/27/2015,46.81000137
10/28/2015,49.04999924
10/29/2015,48.79999924
10/30/2015,49.56000137
11/2/2015,48.79000092
11/3/2015,50.54000092
11/4/2015,48.58000183
11/5/2015,47.97999954
11/6/2015,47.41999817
11/9/2015,47.18999863
11/10/2015,47.43999863
11/11/2015,45.81000137
11/12/2015,44.06000137
11/13/2015,43.61000061
11/16/2015,43.58000183
11/17/2015,43.56999969
11/18/2015,44.13999939
11/19/2015,44.18000031
11/20/2015,44.65999985
11/23/2015,44.83000183
11/24/2015,46.11999893
11/25/2015,46.16999817
11/27/2015,44.86000061
11/30/2015,44.61000061
12/1/2015,44.43999863
12/2/2015,42.49000168
12/3/2015,43.84000015
12/4/2015,43
12/7/2015,40.72999954
12/8/2015,40.25999832
12/9/2015,40.11000061
12/10/2015,39.72999954
12/11/2015,37.93000031
12/14/2015,37.91999817
12/15/2015,38.45000076
12/16/2015,37.18999863
12/17/2015,37.18000031
12/18/2015,36.88000107
12/21/2015,36.34999847
12/22/2015,36.11000061
12/23/2015,37.36000061
12/24/2015,37.88999939
12/28/2015,36.61999893
12/29/2015,37.79000092
12/30/2015,36.45999908
12/31/2015,37.27999878
1/4/2016,37.22000122
1/5/2016,36.41999817
1/6/2016,34.22999954
1/7/2016,33.75
1/8/2016,33.54999924
1/11/2016,31.54999924
1/12/2016,30.86000061
1/13/2016,30.30999947
1/14/2016,31.03000069
1/15/2016,31.01000023
1/19/2016,28.76000023
1/20/2016,27.87999916
1/21/2016,29.25
1/22/2016,32.18000031
1/25/2016,30.5
1/26/2016,31.79999924
1/27/2016,33.09999847
1/28/2016,33.88999939
1/29/2016,34.74000168
2/1/2016,34.68999863
2/2/2016,32.72000122
2/3/2016,35.04000092
2/4/2016,34.45999908
2/5/2016,34.06000137
2/8/2016,32.88000107
2/9/2016,30.31999969
2/10/2016,30.84000015
2/11/2016,30.05999947
2/12/2016,33.36000061
2/16/2016,32.18000031
2/17/2016,34.5
2/18/2016,34.27999878
2/19/2016,33.00999832
2/22/2016,34.68999863
2/23/2016,33.27000046
2/24/2016,34.40999985
2/25/2016,35.29000092
2/26/2016,35.09999847
2/29/2016,35.97000122
3/1/2016,35.95999908
3/2/2016,36.93000031
3/3/2016,37.06999969
3/4/2016,38.72000122
3/7/2016,40.84000015
3/8/2016,39.65000153
3/9/2016,41.06999969
3/10/2016,40.04999924
3/11/2016,40.38999939
3/14/2016,39.52999878
3/15/2016,38.74000168
3/16/2016,40.33000183
3/17/2016,41.54000092
3/18/2016,41.20000076
3/21/2016,41.54000092
3/22/2016,41.79000092
3/23/2016,40.47000122
3/24/2016,40.43999863
3/28/2016,40.27000046
3/29/2016,39.13999939
3/30/2016,39.25999832
3/31/2016,39.59999847
4/1/2016,39.65999985
4/4/2016,37.68999863
4/5/2016,37.86999893
4/6/2016,39.84000015
4/7/2016,39.43000031
4/8/2016,41.93999863
4/11/2016,42.83000183
4/12/2016,44.68999863
4/13/2016,44.18000031
4/14/2016,43.84000015
4/15/2016,43.09999847
4/18/2016,42.90999985
4/19/2016,44.02999878
4/20/2016,45.79999924
4/21/2016,44.52999878
4/22/2016,45.11000061
4/25/2016,44.47999954
4/26/2016,45.74000168
4/27/2016,47.18000031
4/28/2016,48.13999939
4/29/2016,48.13000107
5/2/2016,48.09999847
5/3/2016,46.75
5/4/2016,44.61999893
5/5/2016,45.00999832
5/6/2016,45.36999893
5/9/2016,43.63000107
5/10/2016,45.52000046
5/11/2016,47.59999847
5/12/2016,48.08000183
5/13/2016,47.83000183
5/16/2016,48.97000122
5/17/2016,49.27999878
5/18/2016,48.93000031
5/19/2016,48.81000137
5/20/2016,48.72000122
5/23/2016,48.34999847
5/24/2016,48.61000061
5/25/2016,49.74000168
5/26/2016,49.59000015
5/27/2016,49.31999969
5/31/2016,49.68999863
6/1/2016,49.70999908
6/2/2016,50.04000092
6/3/2016,49.63999939
6/6/2016,50.54999924
6/7/2016,51.43999863
6/8/2016,52.50999832
6/9/2016,51.95000076
6/10/2016,50.54000092
6/13/2016,50.34999847
6/14/2016,49.83000183
6/15/2016,48.97000122
6/16/2016,47.18999863
6/17/2016,49.16999817
6/20/2016,50.65000153
6/21/2016,50.61999893
6/22/2016,49.88000107
6/23/2016,50.90999985
6/24/2016,48.40999985
6/27/2016,47.15999985
6/28/2016,48.58000183
6/29/2016,50.61000061
6/30/2016,49.68000031
7/1/2016,49.84000015
7/5/2016,47.95999908
7/6/2016,48.79999924
7/7/2016,46.40000153
7/8/2016,46.75999832
7/11/2016,46.25
7/12/2016,48.47000122
7/13/2016,46.25999832
7/14/2016,47.36999893
7/15/2016,47.61000061
7/18/2016,46.95999908
7/19/2016,46.65999985
7/20/2016,47.16999817
7/21/2016,46.20000076
7/22/2016,45.68999863
7/25/2016,44.72000122
7/26/2016,44.86999893
7/27/2016,43.47000122
7/28/2016,42.70000076
7/29/2016,42.45999908
8/1/2016,42.45000076
8/2/2016,41.79999924
8/3/2016,43.09999847
8/4/2016,44.29000092
8/5/2016,44.27000046
8/8/2016,45.38999939
8/9/2016,44.97999954
8/10/2016,44.04999924
8/11/2016,46.04000092
8/12/2016,46.97000122
8/15/2016,48.34999847
8/16/2016,49.22999954
8/17/2016,49.84999847
8/18/2016,50.88999939
8/19/2016,50.88000107
8/22/2016,49.15999985
8/23/2016,49.95999908
8/24/2016,49.04999924
8/25/2016,49.66999817
8/26/2016,49.91999817
8/29/2016,49.25999832
8/30/2016,48.36999893
8/31/2016,47.04000092
9/1/2016,47.04999924
9/2/2016,46.83000183
9/6/2016,47.25999832
9/7/2016,47.97999954
9/8/2016,49.99000168
9/9/2016,48.00999832
9/12/2016,48.31999969
9/13/2016,47.09999847
9/14/2016,45.84999847
9/15/2016,46.59000015
9/16/2016,45.77000046
9/19/2016,45.95000076
9/20/2016,45.88000107
9/21/2016,46.83000183
9/22/2016,47.65000153
9/23/2016,45.88999939
9/26/2016,47.34999847
9/27/2016,45.97000122
9/28/2016,48.68999863
9/29/2016,49.24000168
9/30/2016,49.06000137
10/3/2016,49.09999847
10/4/2016,50.86999893
10/5/2016,51.86000061
10/6/2016,52.50999832
10/7/2016,51.93000031
10/11/2016,52.40999985
10/12/2016,51.81000137
10/13/2016,52.02999878
10/14/2016,51.95000076
10/17/2016,51.52000046
10/18/2016,51.68000031
10/19/2016,52.66999817
10/20/2016,51.38000107
10/21/2016,51.77999878
10/24/2016,51.45999908
10/25/2016,50.79000092
10/26/2016,49.97999954
10/27/2016,50.47000122
10/28/2016,49.70999908
10/31/2016,48.29999924
11/1/2016,48.33000183
11/2/2016,46.86000061
11/3/2016,46.34999847
11/4/2016,45.58000183
11/7/2016,46.15000153
11/8/2016,46.04000092
11/9/2016,46.36000061
11/10/2016,45.84000015
11/14/2016,44.43000031
11/15/2016,46.95000076
11/16/2016,46.63000107
11/17/2016,46.49000168
11/18/2016,46.86000061
11/21/2016,48.90000153
11/22/2016,49.11999893
11/23/2016,48.95000076
11/25/2016,47.24000168
11/28/2016,48.24000168
11/29/2016,46.38000107
11/30/2016,50.47000122
12/1/2016,50.45999908
12/2/2016,54.45999908
12/5/2016,54.93999863
12/6/2016,53.93000031
12/7/2016,53
12/8/2016,53.88999939
12/9/2016,54.33000183
12/12/2016,55.68999863
12/13/2016,55.72000122
12/14/2016,53.90000153
12/15/2016,54.02000046
12/16/2016,55.20999908
12/19/2016,54.91999817
12/20/2016,55.34999847
12/21/2016,54.45999908
12/22/2016,55.04999924
12/23/2016,55.15999985
12/27/2016,56.09000015
12/28/2016,56.22000122
12/29/2016,56.13999939
12/30/2016,56.13000107
1/3/2017,55.47000122
1/4/2017,56.45999908
1/5/2017,56.88999939
1/6/2017,57.09999847
1/9/2017,54.93999863
1/10/2017,53.63999939
1/11/2017,55.09999847
1/12/2017,56.00999832
1/13/2017,55.45000076
1/17/2017,55.47000122
1/18/2017,53.91999817
1/19/2017,54.15999985
1/20/2017,55.49000168
1/23/2017,55.22999954
1/24/2017,55.43999863
1/25/2017,55.08000183
1/26/2017,56.24000168
1/27/2017,55.52000046
1/30/2017,55.22999954
1/31/2017,55.70000076
2/1/2017,55.65999985
2/2/2017,56.56000137
2/3/2017,56.81000137
2/6/2017,55.72000122
2/7/2017,55.04999924
2/8/2017,55.11999893
2/9/2017,55.63000107
2/10/2017,56.70000076
2/13/2017,55.59000015
2/14/2017,55.97000122
2/15/2017,55.75
2/16/2017,55.65000153
2/17/2017,55.81000137
2/21/2017,56.65999985
2/22/2017,55.84000015
2/23/2017,56.58000183
2/24/2017,55.99000168
2/27/2017,55.93000031
2/28/2017,55.59000015
3/1/2017,55.59999847
3/2/2017,55.08000183
3/3/2017,55.90000153
3/6/2017,56.00999832
3/7/2017,55.91999817
3/8/2017,53.11000061
3/9/2017,52.18999863
3/10/2017,51.36999893
3/13/2017,51.34999847
3/14/2017,50.91999817
3/15/2017,51.81000137
3/16/2017,51.74000168
3/17/2017,51.75999832
3/20/2017,51.61999893
3/21/2017,50.95999908
3/22/2017,50.63999939
3/23/2017,50.56000137
3/24/2017,50.79999924
3/27/2017,50.75
3/28/2017,51.33000183
3/29/2017,52.41999817
3/30/2017,52.95999908
3/31/2017,52.83000183
4/3/2017,53.11999893
4/4/2017,54.16999817
4/5/2017,54.36000061
4/6/2017,54.88999939
4/7/2017,55.24000168
4/10/2017,55.97999954
4/11/2017,56.22999954
4/12/2017,55.86000061
4/13/2017,55.88999939
4/17/2017,55.36000061
4/18/2017,54.88999939
4/19/2017,52.93000031
4/20/2017,52.99000168
4/21/2017,51.95999908
4/24/2017,51.59999847
4/25/2017,52.09999847
4/26/2017,51.81999969
4/27/2017,51.43999863
4/28/2017,51.72999954
5/1/2017,51.52000046
5/2/2017,50.45999908
5/3/2017,50.79000092
5/4/2017,48.38000107
5/5/2017,49.09999847
5/8/2017,49.34000015
5/9/2017,48.72999954
5/10/2017,50.22000122
5/11/2017,50.77000046
5/12/2017,50.84000015
5/15/2017,51.81999969
5/16/2017,51.65000153
5/17/2017,52.20999908
5/18/2017,52.50999832
5/19/2017,53.61000061
5/22/2017,53.86999893
5/23/2017,54.15000153
5/24/2017,53.95999908
5/25/2017,51.45999908
5/26/2017,52.15000153
5/30/2017,51.84000015
5/31/2017,50.31000137
6/1/2017,50.33000183
6/2/2017,49.95000076
6/5/2017,49.47000122
6/6/2017,50.11999893
6/7/2017,48.06000137
6/8/2017,47.86000061
6/9/2017,48.15000153
6/12/2017,48.29000092
6/13/2017,48.72000122
6/14/2017,47
6/15/2017,46.91999817
6/16/2017,47.36999893
6/19/2017,46.90999985
6/20/2017,46.02000046
6/21/2017,44.81999969
6/22/2017,45.22000122
6/23/2017,45.54000092
6/26/2017,45.83000183
6/27/2017,46.65000153
6/28/2017,47.31000137
6/29/2017,47.41999817
6/30/2017,47.91999817
7/3/2017,49.68000031
7/5/2017,47.79000092
7/6/2017,48.11000061
7/7/2017,46.70999908
7/10/2017,46.88000107
7/11/2017,47.52000046
7/12/2017,47.74000168
7/13/2017,48.41999817
7/14/2017,48.90999985
7/17/2017,48.41999817
7/18/2017,48.84000015
7/19/2017,49.70000076
7/20/2017,49.29999924
7/21/2017,48.06000137
7/24/2017,48.59999847
7/25/2017,50.20000076
7/26/2017,50.97000122
7/27/2017,51.49000168
7/28/2017,52.52000046
7/31/2017,52.65000153
8/1/2017,52.63000107
8/2/2017,52.36000061
8/3/2017,52.00999832
8/4/2017,52.41999817
8/7/2017,52.36999893
8/8/2017,52.13999939
8/9/2017,52.70000076
8/10/2017,51.90000153
8/11/2017,52.09999847
8/14/2017,50.72999954
8/15/2017,50.79999924
8/16/2017,50.27000046
8/17/2017,51.02999878
8/18/2017,52.72000122
8/21/2017,51.65999985
8/22/2017,51.86999893
8/23/2017,52.56999969
8/24/2017,52.04000092
8/25/2017,52.40999985
8/28/2017,51.88999939
8/29/2017,52
8/30/2017,50.86000061
8/31/2017,52.38000107
9/1/2017,52.31999969
9/5/2017,53.38000107
9/6/2017,54.20000076
9/7/2017,54.49000168
9/8/2017,53.77999878
9/11/2017,53.84000015
9/12/2017,54.27000046
9/13/2017,55.15999985
9/14/2017,55.47000122
9/15/2017,55.61999893
9/18/2017,55.47999954
9/19/2017,55.13999939
9/20/2017,56.29000092
9/21/2017,56.43000031
9/22/2017,56.86000061
9/25/2017,59.02000046
9/26/2017,58.43999863
9/27/2017,57.90000153
9/28/2017,57.40999985
9/29/2017,57.54000092
10/2/2017,56.11999893
10/3/2017,56
10/4/2017,55.79999924
10/5/2017,57
10/6/2017,55.61999893
10/9/2017,55.79000092
10/10/2017,56.61000061
10/11/2017,56.93999863
10/12/2017,56.25
10/13/2017,57.16999817
10/16/2017,57.81999969
10/17/2017,57.88000107
10/18/2017,58.15000153
10/19/2017,57.22999954
10/20/2017,57.75
10/23/2017,57.36999893
10/24/2017,58.33000183
10/25/2017,58.43999863
10/26/2017,59.29999924
10/27/2017,60.43999863
10/30/2017,60.90000153
10/31/2017,61.36999893
11/1/2017,61.29000092
11/2/2017,60.61999893
11/3/2017,62.06999969
11/6/2017,64.26999664
11/7/2017,63.68999863
11/8/2017,63.49000168
11/9/2017,63.93000031
11/10/2017,63.52000046
11/13/2017,63.15999985
11/14/2017,62.20999908
11/15/2017,61.86999893
11/16/2017,61.36000061
11/17/2017,62.72000122
11/20/2017,62.22000122
11/21/2017,62.56999969
11/22/2017,63.31999969
11/24/2017,63.86000061
11/27/2017,63.84000015
11/28/2017,63.61000061
11/29/2017,63.11000061
11/30/2017,63.56999969
12/1/2017,63.49000168
12/4/2017,62.45000076
12/5/2017,62.86000061
12/6/2017,61.22000122
12/7/2017,62.20000076
12/8/2017,63.40000153
12/11/2017,64.69000244
12/12/2017,63.34000015
12/13/2017,62.43999863
12/14/2017,63.31000137
12/15/2017,63.22999954
12/18/2017,63.40999985
12/19/2017,63.79999924
12/20/2017,64.55999756
12/21/2017,64.90000153
12/22/2017,65.25
12/26/2017,67.01999664
12/27/2017,66.44000244
12/28/2017,66.72000122
12/29/2017,66.59999847
1/2/2018,66.56999969
1/3/2018,67.83999634
1/4/2018,68.06999969
1/5/2018,67.62000275
1/8/2018,67.77999878
1/9/2018,68.81999969
1/10/2018,69.19999695
1/11/2018,69.26000214
1/12/2018,69.87000275
1/16/2018,69.15000153
1/17/2018,69.37999725
1/18/2018,69.30999756
1/19/2018,68.61000061
1/22/2018,69.02999878
1/23/2018,69.95999908
1/24/2018,70.52999878
1/25/2018,70.41999817
1/26/2018,70.51999664
1/29/2018,69.45999908
1/30/2018,69.01999664
1/31/2018,69.05000305
2/1/2018,69.08000183
2/2/2018,68.58000183
2/5/2018,67.62000275
2/6/2018,66.86000061
2/7/2018,65.51000214
2/8/2018,64.80999756
2/9/2018,62.79000092
2/12/2018,62.59000015
2/13/2018,62.72000122
2/14/2018,64.36000061
2/15/2018,64.33000183
2/16/2018,64.83999634
2/20/2018,65.25
2/21/2018,65.41999817
2/22/2018,66.38999939
2/23/2018,67.30999756
2/26/2018,67.5
2/27/2018,66.62999725
2/28/2018,65.77999878
3/1/2018,65.70999908
3/2/2018,64.37000275
3/5/2018,65.54000092
3/6/2018,65.79000092
3/7/2018,64.33999634
3/8/2018,63.61000061
3/9/2018,65.48999786
3/12/2018,64.94999695
3/13/2018,64.63999939
3/14/2018,64.88999939
3/15/2018,65.12000275
3/16/2018,66.20999908
3/19/2018,66.05000305
3/20/2018,67.41999817
3/21/2018,69.47000122
3/22/2018,68.91000366
3/23/2018,70.44999695
3/26/2018,70.12000275
3/27/2018,70.11000061
3/28/2018,69.52999878
3/29/2018,70.26999664
4/2/2018,67.63999939
4/3/2018,68.12000275
4/4/2018,68.01999664
4/5/2018,68.33000183
4/6/2018,67.11000061
4/9/2018,68.65000153
4/10/2018,71.04000092
4/11/2018,72.05999756
4/12/2018,72.01999664
4/13/2018,72.58000183
4/16/2018,71.41999817
4/17/2018,71.58000183
4/18/2018,73.48000336
4/19/2018,73.77999878
4/20/2018,74.05999756
4/23/2018,74.70999908
4/24/2018,73.86000061
4/25/2018,74
4/26/2018,74.73999786
4/27/2018,74.63999939
4/30/2018,75.16999817
5/1/2018,75.16999817
5/2/2018,73.36000061
5/3/2018,73.62000275
5/4/2018,74.87000275
5/7/2018,76.16999817
5/8/2018,74.84999847
5/9/2018,77.20999908
5/10/2018,77.47000122
5/11/2018,77.12000275
5/14/2018,78.23000336
5/15/2018,78.43000031
5/16/2018,79.27999878
5/17/2018,79.30000305
5/18/2018,78.51000214
5/21/2018,79.22000122
5/22/2018,79.56999969
5/23/2018,79.80000305
5/24/2018,78.79000092
5/25/2018,76.44000244
5/29/2018,75.38999939
5/30/2018,77.5
5/31/2018,77.58999634
6/1/2018,77.58999634
6/4/2018,75.29000092
6/5/2018,75.37999725
6/6/2018,75.36000061
6/7/2018,77.31999969
6/8/2018,76.45999908
6/11/2018,76.45999908
6/12/2018,75.87999725
6/13/2018,76.73999786
6/14/2018,75.94000244
6/15/2018,73.44000244
6/18/2018,75.33999634
6/19/2018,75.08000183
6/20/2018,74.73999786
6/21/2018,73.05000305
6/22/2018,75.55000305
6/25/2018,74.73000336
6/26/2018,76.30999756
6/27/2018,77.62000275
6/28/2018,77.84999847
6/29/2018,79.44000244
7/2/2018,77.30000305
7/3/2018,77.76000214
7/5/2018,77.38999939
7/6/2018,77.11000061
7/9/2018,78.06999969
7/10/2018,78.86000061
7/11/2018,73.40000153
7/12/2018,74.44999695
7/13/2018,75.33000183
7/16/2018,71.83999634
7/17/2018,72.16000366
7/18/2018,72.90000153
7/19/2018,72.58000183
7/20/2018,73.06999969
7/23/2018,73.05999756
7/24/2018,73.44000244
7/25/2018,73.93000031
7/26/2018,74.54000092
7/27/2018,74.29000092
7/30/2018,74.97000122
7/31/2018,74.25
8/1/2018,74.25
8/2/2018,73.44999695
8/3/2018,73.20999908
8/6/2018,73.75
8/7/2018,74.65000153
8/8/2018,72.27999878
8/9/2018,72.06999969
8/10/2018,72.80999756
8/13/2018,72.61000061
8/14/2018,72.45999908
8/15/2018,70.76000214
8/16/2018,71.43000031
8/17/2018,71.83000183
8/20/2018,72.20999908
8/21/2018,72.62999725
8/22/2018,74.77999878
8/23/2018,74.73000336
8/24/2018,75.81999969
8/27/2018,76.20999908
8/28/2018,75.94999695
8/29/2018,77.13999939
8/30/2018,77.76999664
8/31/2018,77.41999817
9/4/2018,78.16999817
9/5/2018,77.26999664
9/6/2018,76.5
9/7/2018,76.83000183
9/10/2018,77.37000275
9/11/2018,79.05999756
9/12/2018,79.73999786
9/13/2018,78.18000031
9/14/2018,78.08999634
9/17/2018,78.05000305
9/18/2018,79.02999878
9/19/2018,79.40000153
9/20/2018,78.69999695
9/21/2018,78.80000305
9/24/2018,81.19999695
9/25/2018,81.87000275
9/26/2018,81.33999634
9/27/2018,81.72000122
9/28/2018,82.72000122
10/1/2018,84.98000336
10/2/2018,84.80000305
10/3/2018,86.29000092
10/4/2018,84.58000183
10/5/2018,84.16000366
10/8/2018,83.91000366
10/9/2018,85
10/10/2018,83.08999634
10/11/2018,80.26000214
10/12/2018,80.43000031
10/15/2018,80.77999878
10/16/2018,81.41000366
10/17/2018,80.05000305
10/18/2018,79.29000092
10/19/2018,79.77999878
10/22/2018,79.83000183
10/23/2018,76.44000244
10/24/2018,76.16999817
10/25/2018,76.88999939
10/26/2018,77.62000275
10/29/2018,77.33999634
10/30/2018,75.91000366
10/31/2018,75.47000122
11/1/2018,75.5
11/2/2018,72.83000183
11/5/2018,73.16999817
11/6/2018,72.12999725
11/7/2018,72.06999969
11/8/2018,70.65000153
11/9/2018,70.18000031
11/12/2018,70.12000275
11/13/2018,65.47000122
11/14/2018,66.12000275
11/15/2018,66.62000275
11/16/2018,66.76000214
11/19/2018,66.79000092
11/20/2018,62.52999878
11/21/2018,63.47999954
11/23/2018,58.79999924
11/26/2018,60.47999954
11/27/2018,60.20999908
11/28/2018,58.75999832
11/29/2018,59.50999832
11/30/2018,58.70999908
12/3/2018,61.68999863
12/4/2018,62.08000183
12/6/2018,60.06000137
12/7/2018,61.66999817
12/10/2018,59.97000122
12/11/2018,60.20000076
12/12/2018,60.15000153
12/13/2018,61.45000076
12/14/2018,60.27999878
12/17/2018,59.61000061
12/18/2018,56.25999832
12/19/2018,57.24000168
12/20/2018,54.34999847
12/21/2018,53.81999969
12/24/2018,50.47000122
12/26/2018,54.47000122
12/27/2018,52.15999985
12/28/2018,52.20000076
12/31/2018,53.79999924
1/2/2019,54.90999985
1/3/2019,55.95000076
1/4/2019,57.06000137
1/7/2019,57.33000183
1/8/2019,58.72000122
1/9/2019,61.43999863
1/10/2019,61.68000031
1/11/2019,60.47999954
1/14/2019,58.99000168
1/15/2019,60.63999939
1/16/2019,61.31999969
1/17/2019,61.18000031
1/18/2019,62.70000076
1/22/2019,61.5
1/23/2019,61.13999939
1/24/2019,61.09000015
1/25/2019,61.63999939
1/28/2019,59.93000031
1/29/2019,61.31999969
1/30/2019,61.65000153
1/31/2019,61.88999939
2/1/2019,61.86999893
2/4/2019,62.50999832
2/5/2019,61.97999954
2/6/2019,62.68999863
2/7/2019,61.63000107
2/8/2019,62.09999847
2/11/2019,61.50999832
2/12/2019,62.41999817
2/13/2019,63.61000061
2/14/2019,64.56999969
2/15/2019,66.25
2/19/2019,66.44999695
2/20/2019,67.08000183
2/21/2019,67.06999969
2/22/2019,67.12000275
2/25/2019,64.76000214
2/26/2019,65.20999908
2/27/2019,66.38999939
2/28/2019,66.02999878
3/1/2019,65.06999969
3/4/2019,65.66999817
3/5/2019,65.86000061
3/6/2019,65.98999786
3/7/2019,66.30000305
3/8/2019,65.73999786
3/11/2019,66.58000183
3/12/2019,66.66999817
3/13/2019,67.55000305
3/14/2019,67.23000336
3/15/2019,67.16000366
3/18/2019,67.54000092
3/19/2019,67.61000061
3/20/2019,68.5
3/21/2019,67.86000061
3/22/2019,67.02999878
3/25/2019,67.20999908
3/26/2019,67.97000122
3/27/2019,67.83000183
3/28/2019,67.81999969
3/29/2019,68.38999939
4/1/2019,69.01000214
4/2/2019,69.37000275
4/3/2019,69.30999756
4/4/2019,69.40000153
4/5/2019,70.33999634
4/8/2019,71.09999847
4/9/2019,70.61000061
4/10/2019,71.73000336
4/11/2019,70.83000183
4/12/2019,71.55000305
4/15/2019,71.18000031
4/16/2019,71.72000122
4/17/2019,71.62000275
4/18/2019,71.97000122
4/22/2019,74.04000092
4/23/2019,74.51000214
4/24/2019,74.56999969
4/25/2019,74.34999847
4/26/2019,72.15000153
4/29/2019,72.04000092
4/30/2019,72.80000305
5/1/2019,72.18000031
5/2/2019,70.75
5/3/2019,70.84999847
5/6/2019,71.23999786
5/7/2019,69.87999725
5/8/2019,70.37000275
5/9/2019,70.38999939
5/10/2019,70.62000275
5/13/2019,70.23000336
5/14/2019,71.23999786
5/15/2019,71.76999664
5/16/2019,72.62000275
5/17/2019,72.20999908
5/20/2019,71.97000122
5/21/2019,72.18000031
5/22/2019,70.98999786
5/23/2019,67.76000214
5/24/2019,68.69000244
5/28/2019,70.11000061
5/29/2019,69.44999695
5/30/2019,66.87000275
5/31/2019,64.48999786
6/3/2019,61.27999878
6/4/2019,61.97000122
6/5/2019,60.63000107
6/6/2019,61.66999817
6/7/2019,63.29000092
6/10/2019,62.29000092
6/11/2019,62.29000092
6/12/2019,59.97000122
6/13/2019,61.31000137
6/14/2019,62.00999832
6/17/2019,60.93999863
6/18/2019,62.13999939
6/19/2019,61.81999969
6/20/2019,64.44999695
6/21/2019,65.19999695
6/24/2019,64.86000061
6/25/2019,65.05000305
6/26/2019,66.48999786
6/27/2019,66.55000305
6/28/2019,66.55000305
7/1/2019,65.05999756
7/2/2019,62.40000153
7/3/2019,63.81999969
7/5/2019,64.23000336
7/8/2019,64.11000061
7/9/2019,64.16000366
7/10/2019,67.01000214
7/11/2019,66.51999664
7/12/2019,66.72000122
7/15/2019,66.48000336
7/16/2019,64.34999847
7/17/2019,63.65999985
7/18/2019,61.93000031
7/19/2019,62.47000122
7/22/2019,63.25999832
7/23/2019,63.83000183
7/24/2019,63.18000031
7/25/2019,63.38999939
7/26/2019,63.45999908
7/29/2019,63.70999908
7/30/2019,64.72000122
7/31/2019,65.16999817
8/1/2019,60.5
8/2/2019,61.88999939
8/5/2019,59.81000137
8/6/2019,58.93999863
8/7/2019,56.22999954
8/8/2019,57.38000107
8/9/2019,58.52999878
8/12/2019,58.56999969
8/13/2019,61.29999924
8/14/2019,59.47999954
8/15/2019,58.22999954
8/16/2019,58.63999939
8/19/2019,59.74000168
8/20/2019,60.02999878
8/21/2019,60.29999924
8/22/2019,59.91999817
8/23/2019,59.34000015
8/26/2019,58.70000076
8/27/2019,59.50999832
8/28/2019,60.49000168
8/29/2019,61.08000183
8/30/2019,60.43000031
9/3/2019,58.25999832
9/4/2019,60.70000076
9/5/2019,60.95000076
9/6/2019,61.54000092
9/9/2019,62.59000015
9/10/2019,62.38000107
9/11/2019,60.81000137
9/12/2019,60.38000107
9/13/2019,60.22000122
9/16/2019,69.01999664
9/17/2019,64.55000305
9/18/2019,63.59999847
9/19/2019,64.40000153
9/20/2019,64.27999878
9/23/2019,64.76999664
9/24/2019,63.09999847
9/25/2019,62.38999939
9/26/2019,62.74000168
9/27/2019,61.90999985
9/30/2019,60.77999878
10/1/2019,58.88999939
10/2/2019,57.68999863
10/3/2019,57.70999908
10/4/2019,58.36999893
10/7/2019,58.34999847
10/8/2019,58.24000168
10/9/2019,58.31999969
10/10/2019,59.09999847
10/11/2019,60.50999832
10/14/2019,59.34999847
10/15/2019,58.74000168
10/16/2019,59.41999817
10/17/2019,59.90999985
10/18/2019,59.41999817
10/21/2019,58.95999908
10/22/2019,59.70000076
10/23/2019,61.16999817
10/24/2019,61.66999817
10/25/2019,62.02000046
10/28/2019,61.56999969
10/29/2019,61.59000015
10/30/2019,60.61000061
10/31/2019,60.22999954
11/1/2019,61.68999863
11/4/2019,62.13000107
11/5/2019,62.95999908
11/6/2019,61.74000168
11/7/2019,62.29000092
11/8/2019,62.50999832
11/11/2019,62.18000031
11/12/2019,62.06000137
11/13/2019,62.36999893
11/14/2019,62.27999878
11/15/2019,63.29999924
11/18/2019,62.43999863
11/19/2019,60.90999985
11/20/2019,62.40000153
11/21/2019,63.97000122
11/22/2019,63.38999939
11/25/2019,63.65000153
11/26/2019,64.26999664
11/27/2019,64.05999756
11/29/2019,62.43000031
12/2/2019,60.91999817
12/3/2019,60.81999969
12/4/2019,63
12/5/2019,63.38999939
12/6/2019,64.38999939
12/9/2019,64.25
12/10/2019,64.33999634
12/11/2019,63.72000122
12/12/2019,64.19999695
12/13/2019,65.22000122
12/16/2019,65.33999634
12/17/2019,66.09999847
12/18/2019,66.16999817
12/19/2019,66.54000092
12/20/2019,66.13999939
12/23/2019,66.38999939
12/24/2019,67.19999695
12/26/2019,67.91999817
12/27/2019,68.16000366
12/30/2019,68.44000244
12/31/2019,66
1/2/2020,66.25
1/3/2020,68.59999847
1/6/2020,68.91000366
1/7/2020,68.26999664
1/8/2020,65.44000244
1/9/2020,65.37000275
1/10/2020,64.98000336
1/13/2020,64.19999695
1/14/2020,64.48999786
1/15/2020,64
1/16/2020,64.62000275
1/17/2020,64.84999847
1/21/2020,64.58999634
1/22/2020,63.20999908
1/23/2020,62.04000092
1/24/2020,60.68999863
1/27/2020,59.31999969
1/28/2020,59.50999832
1/29/2020,59.81000137
1/30/2020,58.29000092
1/31/2020,58.15999985
2/3/2020,54.45000076
2/4/2020,53.95999908
2/5/2020,55.27999878
2/6/2020,54.93000031
2/7/2020,54.47000122
2/10/2020,53.27000046
2/11/2020,54.00999832
2/12/2020,55.79000092
2/13/2020,56.34000015
2/14/2020,57.31999969
2/18/2020,57.75
2/19/2020,59.11999893
2/20/2020,59.31000137
2/21/2020,58.5
2/24/2020,56.29999924
2/25/2020,54.95000076
2/26/2020,53.43000031
2/27/2020,52.18000031
2/28/2020,50.52000046
3/2/2020,51.90000153
3/3/2020,51.86000061
3/4/2020,51.13000107
3/5/2020,49.99000168
3/6/2020,45.27000046
3/9/2020,34.36000061
3/10/2020,37.22000122
3/11/2020,35.79000092
3/12/2020,33.22000122
3/13/2020,33.84999847
3/16/2020,30.04999924
3/17/2020,28.72999954
3/18/2020,24.87999916
3/19/2020,28.46999931
3/20/2020,26.97999954
3/23/2020,27.03000069
3/24/2020,27.14999962
3/25/2020,27.38999939
3/26/2020,26.34000015
3/27/2020,24.93000031
3/30/2020,22.76000023
3/31/2020,22.73999977
4/1/2020,24.73999977
4/2/2020,29.94000053
4/3/2020,34.11000061
4/6/2020,33.04999924
4/7/2020,31.87000084
4/8/2020,32.84000015
4/9/2020,31.47999954
4/13/2020,31.73999977
4/14/2020,29.60000038
4/15/2020,27.69000053
4/16/2020,27.81999969
4/17/2020,28.07999992
4/20/2020,25.56999969
4/21/2020,19.32999992
4/22/2020,20.37000084
4/23/2020,21.32999992
4/24/2020,21.44000053
4/27/2020,19.98999977
4/28/2020,20.45999908
4/29/2020,22.54000092
4/30/2020,25.27000046
5/1/2020,26.44000053
5/4/2020,27.20000076
5/5/2020,30.96999931
5/6/2020,29.71999931
5/7/2020,29.45999908
5/8/2020,30.96999931
5/11/2020,29.62999916
5/12/2020,29.97999954
5/13/2020,29.19000053
5/14/2020,31.12999916
5/15/2020,32.5
5/18/2020,34.81000137
5/19/2020,34.65000153
5/20/2020,35.75
5/21/2020,36.06000137
5/22/2020,35.13000107
5/26/2020,36.16999817
5/27/2020,34.74000168
5/28/2020,35.29000092
5/29/2020,35.33000183
6/1/2020,38.31999969
6/2/2020,39.56999969
6/3/2020,39.79000092
6/4/2020,39.99000168
6/5/2020,42.29999924
6/8/2020,40.79999924
6/9/2020,41.18000031
6/10/2020,41.72999954
6/11/2020,38.54999924
6/12/2020,38.72999954
6/15/2020,39.72000122
6/16/2020,40.95999908
6/17/2020,40.70999908
6/18/2020,41.50999832
6/19/2020,42.18999863
6/22/2020,43.08000183
6/23/2020,42.63000107
6/24/2020,40.31000137
6/25/2020,41.04999924
6/26/2020,41.02000046
6/29/2020,41.70999908
6/30/2020,41.15000153
7/1/2020,42.02999878
7/2/2020,43.13999939
7/6/2020,43.09999847
7/7/2020,43.08000183
7/8/2020,43.29000092
7/9/2020,42.34999847
7/10/2020,43.24000168
7/13/2020,42.72000122
7/14/2020,42.90000153
7/15/2020,43.79000092
7/16/2020,43.36999893
7/17/2020,43.13999939
7/20/2020,43.27999878
7/21/2020,44.31999969
7/22/2020,44.29000092
7/23/2020,43.31000137
7/24/2020,43.34000015
7/27/2020,43.40999985
7/28/2020,43.22000122
7/29/2020,43.75
7/30/2020,42.93999863
7/31/2020,43.29999924
8/3/2020,44.15000153
8/4/2020,44.43000031
8/5/2020,45.16999817
8/6/2020,45.09000015
8/7/2020,44.40000153
8/10/2020,44.99000168
8/11/2020,44.5
8/12/2020,45.43000031
8/13/2020,44.95999908
8/14/2020,44.79999924
8/17/2020,45.36999893
8/18/2020,45.45999908
8/19/2020,45.36999893
8/20/2020,44.90000153
8/21/2020,44.34999847
8/24/2020,45.13000107
8/25/2020,45.86000061
8/26/2020,45.63999939
8/27/2020,45.09000015
8/28/2020,45.04999924
8/31/2020,45.27999878
9/1/2020,45.58000183
9/2/2020,44.43000031
9/3/2020,44.06999969
9/4/2020,42.65999985
9/8/2020,39.77999878
9/9/2020,40.79000092
9/10/2020,40.06000137
9/11/2020,39.83000183
9/14/2020,39.61000061
9/15/2020,40.52999878
9/16/2020,42.22000122
9/17/2020,43.29999924
9/18/2020,43.15000153
9/21/2020,41.43999863
9/22/2020,41.72000122
9/23/2020,41.77000046
9/24/2020,41.93999863
9/25/2020,41.91999817
9/28/2020,42.43000031
9/29/2020,41.02999878
9/30/2020,40.95000076
10/1/2020,40.93000031
10/2/2020,39.27000046
10/5/2020,41.29000092
10/6/2020,42.65000153
10/7/2020,41.99000168
10/8/2020,43.34000015
10/9/2020,42.84999847
10/12/2020,41.72000122
10/13/2020,42.45000076
10/14/2020,43.31999969
10/15/2020,43.15999985
10/16/2020,42.93000031
10/19/2020,42.61999893
10/20/2020,43.15999985
10/21/2020,41.72999954
10/22/2020,42.45999908
10/23/2020,41.77000046
10/26/2020,40.45999908
10/27/2020,41.20000076
10/28/2020,39.11999893
10/29/2020,37.65000153
10/30/2020,37.45999908
11/2/2020,38.97000122
11/3/2020,39.70999908
11/4/2020,41.22999954
11/5/2020,40.93000031
11/6/2020,39.45000076
11/9/2020,42.40000153
11/10/2020,43.61000061
11/11/2020,43.79999924
11/12/2020,43.52999878
11/13/2020,42.77999878
11/16/2020,43.81999969
11/17/2020,43.75
11/18/2020,44.34000015
11/19/2020,44.20000076
11/20/2020,44.95999908
11/23/2020,46.06000137
11/24/2020,47.86000061
11/25/2020,48.61000061
11/27/2020,48.18000031
11/30/2020,47.59000015
12/1/2020,47.41999817
12/2/2020,48.25
12/3/2020,48.70999908
12/4/2020,49.25
12/7/2020,48.79000092
12/8/2020,48.84000015
12/9/2020,48.86000061
12/10/2020,50.25
12/11/2020,49.97000122
12/14/2020,50.29000092
12/15/2020,50.75999832
12/16/2020,51.08000183
12/17/2020,51.5
12/18/2020,52.25999832
12/21/2020,50.90999985
12/22/2020,50.08000183
12/23/2020,51.20000076
12/24/2020,51.29000092
12/28/2020,50.86000061
12/29/2020,51.09000015
12/30/2020,51.34000015
12/31/2020,51.79999924
1/4/2021,51.09000015
1/5/2021,53.59999847
1/6/2021,54.29999924
1/7/2021,54.38000107
1/8/2021,55.99000168
1/11/2021,55.65999985
1/12/2021,56.58000183
1/13/2021,56.06000137
1/14/2021,56.41999817
1/15/2021,55.09999847
1/19/2021,55.90000153
1/20/2021,56.08000183
1/21/2021,56.09999847
1/22/2021,55.40999985
1/25/2021,55.88000107
1/26/2021,55.90999985
1/27/2021,55.81000137
1/28/2021,55.52999878
1/29/2021,55.88000107
2/1/2021,56.34999847
2/2/2021,57.45999908
2/3/2021,58.45999908
2/4/2021,58.84000015
2/5/2021,59.34000015
2/8/2021,60.56000137
2/9/2021,61.09000015
2/10/2021,61.47000122
2/11/2021,61.13999939
2/12/2021,62.43000031
2/16/2021,63.34999847
2/17/2021,64.33999634
2/18/2021,63.93000031
2/19/2021,62.90999985
2/22/2021,65.23999786
2/23/2021,65.37000275
2/24/2021,67.04000092
2/25/2021,66.87999725
2/26/2021,66.12999725
3/1/2021,63.68999863
3/2/2021,62.70000076
3/3/2021,64.06999969
3/4/2021,66.73999786
3/5/2021,69.36000061
3/8/2021,68.23999786
3/9/2021,67.51999664
3/10/2021,67.90000153
3/11/2021,69.62999725
3/12/2021,69.22000122
3/15/2021,68.87999725
3/16/2021,68.38999939
3/17/2021,68
3/18/2021,63.27999878
3/19/2021,64.52999878
3/22/2021,64.62000275
3/23/2021,60.79000092
3/24/2021,64.41000366
3/25/2021,61.95000076
3/26/2021,64.56999969
3/29/2021,64.98000336
3/30/2021,64.13999939
3/31/2021,63.54000092
4/1/2021,64.86000061
4/5/2021,62.15000153
4/6/2021,62.74000168
4/7/2021,63.15999985
4/8/2021,63.20000076
4/9/2021,62.95000076
4/12/2021,63.27999878
4/13/2021,63.66999817
4/14/2021,66.58000183
4/15/2021,66.94000244
4/16/2021,66.76999664
4/19/2021,67.05000305
4/20/2021,66.56999969
4/21/2021,65.31999969
4/22/2021,65.40000153
4/23/2021,66.11000061
4/26/2021,65.65000153
4/27/2021,66.41999817
4/28/2021,67.26999664
4/29/2021,68.55999756
4/30/2021,67.25
5/3/2021,67.55999756
5/4/2021,68.87999725
5/5/2021,68.95999908
5/6/2021,68.08999634
5/7/2021,68.27999878
5/10/2021,68.31999969
5/11/2021,68.55000305
5/12/2021,69.31999969
5/13/2021,67.05000305
5/14/2021,68.70999908
5/17/2021,69.45999908
5/18/2021,68.70999908
5/19/2021,66.66000366
5/20/2021,65.11000061
5/21/2021,66.44000244
5/24/2021,68.45999908
5/25/2021,68.65000153
5/26/2021,68.87000275
5/27/2021,69.45999908
5/28/2021,69.62999725
6/1/2021,70.25
6/2/2021,71.34999847
6/3/2021,71.30999756
6/4/2021,71.88999939
6/7/2021,71.48999786
6/8/2021,72.22000122
6/9/2021,72.22000122
6/10/2021,72.51999664
6/11/2021,72.69000244
6/14/2021,72.86000061
6/15/2021,73.98999786
6/16/2021,74.38999939
6/17/2021,73.08000183
6/18/2021,73.51000214
6/21/2021,74.90000153
6/22/2021,74.80999756
6/23/2021,75.19000244
6/24/2021,75.55999756
6/25/2021,76.18000031
6/28/2021,74.68000031
6/29/2021,74.76000214
6/30/2021,75.12999725
7/1/2021,75.83999634
7/2/2021,76.16999817
7/6/2021,74.52999878
7/7/2021,73.43000031
7/8/2021,74.12000275
7/9/2021,75.55000305
7/12/2021,75.16000366
7/13/2021,76.48999786
7/14/2021,74.76000214
7/15/2021,73.47000122
7/16/2021,73.58999634
7/19/2021,68.62000275
7/20/2021,69.34999847
7/21/2021,72.23000336
7/22/2021,73.79000092
7/23/2021,74.09999847
7/26/2021,74.5
7/27/2021,74.48000336
7/28/2021,74.73999786
7/29/2021,76.05000305
7/30/2021,76.33000183
8/2/2021,72.88999939
8/3/2021,72.41000366
8/4/2021,70.37999725
8/5/2021,71.29000092
8/6/2021,70.69999695
8/9/2021,69.04000092
8/10/2021,70.62999725
8/11/2021,71.44000244
8/12/2021,71.30999756
8/13/2021,70.58999634
8/16/2021,69.51000214
8/17/2021,69.02999878
8/18/2021,68.23000336
8/19/2021,66.44999695
8/20/2021,65.18000031
8/23/2021,68.75
8/24/2021,71.05000305
8/25/2021,72.25
8/26/2021,71.06999969
8/27/2021,72.69999695
8/30/2021,73.41000366
8/31/2021,72.98999786
9/1/2021,71.58999634
9/2/2021,73.02999878
9/3/2021,72.61000061
9/7/2021,71.69000244
9/8/2021,72.59999847
9/9/2021,71.44999695
9/10/2021,72.91999817
9/13/2021,73.51000214
9/14/2021,73.59999847
9/15/2021,75.45999908
9/16/2021,75.66999817
9/17/2021,75.33999634
9/20/2021,73.91999817
9/21/2021,74.36000061
9/22/2021,76.19000244
9/23/2021,77.25
9/24/2021,78.08999634
9/27/2021,79.52999878
9/28/2021,79.08999634
9/29/2021,78.63999939
9/30/2021,78.51999664
10/1/2021,79.27999878
10/4/2021,81.26000214
10/5/2021,82.55999756
10/6/2021,81.08000183
10/7/2021,81.94999695
10/8/2021,82.38999939
10/11/2021,83.65000153
10/12/2021,83.41999817
10/13/2021,83.18000031
10/14/2021,84
10/15/2021,84.86000061
10/18/2021,84.33000183
10/19/2021,85.08000183
10/20/2021,85.81999969
10/21/2021,84.61000061
10/22/2021,85.52999878
10/25/2021,85.98999786
10/26/2021,86.40000153
10/27/2021,84.58000183
10/28/2021,84.31999969
10/29/2021,84.37999725
11/1/2021,84.70999908
11/2/2021,84.72000122
11/3/2021,81.98999786
11/4/2021,80.54000092
11/5/2021,82.73999786
11/8/2021,83.43000031
11/9/2021,84.77999878
11/10/2021,82.63999939
11/11/2021,82.87000275
11/12/2021,82.16999817
11/15/2021,82.05000305
11/16/2021,82.43000031
11/17/2021,80.27999878
11/18/2021,81.23999786
11/19/2021,78.88999939
11/22/2021,79.69999695
11/23/2021,82.30999756
11/24/2021,82.25
11/26/2021,72.72000122
11/29/2021,73.44000244
11/30/2021,70.56999969
12/1/2021,68.87000275
12/2/2021,69.66999817
12/3/2021,69.87999725
12/6/2021,73.08000183
12/7/2021,75.44000244
12/8/2021,75.81999969
12/9/2021,74.41999817
12/10/2021,75.15000153
12/13/2021,74.38999939
12/14/2021,73.69999695
12/15/2021,73.87999725
12/16/2021,75.01999664
12/17/2021,73.51999664
12/20/2021,71.51999664
12/21/2021,73.98000336
12/22/2021,75.29000092
12/23/2021,76.84999847
12/27/2021,78.59999847
12/28/2021,78.94000244
12/29/2021,79.23000336
12/30/2021,79.31999969
12/31/2021,77.77999878
1/3/2022,78.98000336
1/4/2022,80
1/5/2022,80.80000305
1/6/2022,81.98999786
1/7/2022,81.75
1/10/2022,80.87000275
1/11/2022,83.72000122
1/12/2022,84.66999817
1/13/2022,84.47000122
1/14/2022,86.05999756
1/18/2022,87.51000214
1/19/2022,88.44000244
1/20/2022,88.37999725
1/21/2022,87.88999939
1/24/2022,86.26999664
1/25/2022,88.19999695
1/26/2022,89.95999908
1/27/2022,89.33999634
1/28/2022,90.02999878
1/31/2022,91.20999908
2/1/2022,89.16000366
2/2/2022,89.47000122
2/3/2022,91.11000061
2/4/2022,93.26999664
2/7/2022,92.69000244
2/8/2022,90.77999878
2/9/2022,91.55000305
2/10/2022,91.41000366
2/11/2022,94.44000244
2/14/2022,96.48000336
2/15/2022,93.27999878
2/16/2022,94.80999756
2/17/2022,92.97000122
2/18/2022,93.54000092
2/22/2022,96.83999634
2/23/2022,96.83999634
2/24/2022,99.08000183
2/25/2022,97.93000031
2/28/2022,100.9899979
3/1/2022,104.9700012
3/2/2022,112.9300003
3/3/2022,110.4599991
3/4/2022,118.1100006
3/7/2022,123.2099991
3/8/2022,127.9800034
3/9/2022,111.1399994
3/10/2022,109.3300018
3/11/2022,112.6699982
3/14/2022,106.9000015
3/15/2022,99.91000366
3/16/2022,98.01999664
3/17/2022,106.6399994
3/18/2022,107.9300003
3/21/2022,115.6200027
3/22/2022,115.4800034
3/23/2022,121.5999985
3/24/2022,119.0299988
3/25/2022,120.6500015
3/28/2022,112.4800034
3/29/2022,110.2300034
3/30/2022,113.4499969
3/31/2022,107.9100037
4/1/2022,104.3899994
4/4/2022,107.5299988
4/5/2022,106.6399994
4/6/2022,101.0699997
4/7/2022,100.5800018
4/8/2022,102.7799988
4/11/2022,98.48000336
4/12/2022,104.6399994
4/13/2022,108.7799988
4/14/2022,111.6999969
4/18/2022,113.1600037
4/19/2022,107.25
4/20/2022,106.8000031
4/21/2022,108.3300018
4/22/2022,106.6500015
4/25/2022,102.3199997
4/26/2022,104.9899979
4/27/2022,105.3199997
4/28/2022,107.5899963
4/29/2022,109.3399963
5/2/2022,107.5800018
5/3/2022,104.9700012
5/4/2022,110.1399994
5/5/2022,110.9000015
5/6/2022,112.3899994
5/9/2022,105.9400024
5/10/2022,102.4599991
5/11/2022,107.5100021
5/12/2022,107.4499969
5/13/2022,111.5500031
5/16/2022,114.2399979
5/17/2022,111.9300003
5/18/2022,109.1100006
5/19/2022,112.0400009
5/20/2022,112.5500031
5/23/2022,113.4199982
5/24/2022,113.5599976
5/25/2022,114.0299988
5/26/2022,117.4000015
5/27/2022,119.4300003
5/31/2022,122.8399963
6/1/2022,116.2900009
6/2/2022,117.6100006
6/3/2022,119.7200012
6/6/2022,119.5100021
6/7/2022,120.5699997
6/8/2022,123.5800018
6/9/2022,123.0699997
6/10/2022,122.0100021
6/13/2022,122.2699966
6/14/2022,121.1699982
6/15/2022,118.5100021
6/16/2022,119.8099976
6/17/2022,113.1200027
6/21/2022,114.6500015
6/22/2022,111.7399979
6/23/2022,110.0500031
6/24/2022,113.1200027
6/27/2022,115.0899963
6/28/2022,117.9800034
6/29/2022,116.2600021
6/30/2022,114.8099976
7/1/2022,111.6299973
7/5/2022,102.7699966
7/6/2022,100.6900024
7/7/2022,104.6500015
7/8/2022,107.0199966
7/11/2022,107.0999985
7/12/2022,99.48999786
7/13/2022,99.56999969
7/14/2022,99.09999847
7/15/2022,101.1600037
7/18/2022,106.2699966
7/19/2022,107.3499985
7/20/2022,106.9199982
7/21/2022,103.8600006
7/22/2022,103.1999969
7/25/2022,105.1500015
7/26/2022,104.4000015
7/27/2022,106.6200027
7/28/2022,107.1399994
7/29/2022,110.0100021
8/1/2022,100.0299988
8/2/2022,100.5400009
8/3/2022,96.77999878
8/4/2022,94.12000275
8/5/2022,94.91999817
8/8/2022,96.65000153
8/9/2022,96.30999756
8/10/2022,97.40000153
8/11/2022,99.59999847
8/12/2022,98.15000153
8/15/2022,95.09999847
8/16/2022,92.33999634
8/17/2022,93.65000153
8/18/2022,96.58999634
8/19/2022,96.72000122
8/22/2022,96.48000336
8/23/2022,100.2200012
8/24/2022,101.2200012
8/25/2022,99.33999634
8/26/2022,100.9899979
8/29/2022,105.0899963
8/30/2022,99.30999756
8/31/2022,96.48999786
9/1/2022,92.36000061
9/2/2022,93.01999664
9/6/2022,92.83000183
9/7/2022,88
9/8/2022,89.15000153
9/9/2022,92.83999634
9/12/2022,94
9/13/2022,93.16999817
9/14/2022,94.09999847
9/15/2022,90.83999634
9/16/2022,91.34999847
9/19/2022,92
9/20/2022,90.62000275
9/21/2022,89.83000183
9/22/2022,90.45999908
9/23/2022,86.15000153
9/26/2022,84.05999756
9/27/2022,86.26999664
9/28/2022,89.31999969
9/29/2022,88.48999786
9/30/2022,87.95999908
10/3/2022,88.86000061
10/4/2022,91.80000305
10/5/2022,93.37000275
10/6/2022,94.41999817
10/7/2022,97.91999817
10/10/2022,96.19000244
10/11/2022,94.29000092
10/12/2022,92.44999695
10/13/2022,94.56999969
10/14/2022,91.62999725
10/17/2022,91.62000275
10/18/2022,90.02999878
10/19/2022,92.41000366
10/20/2022,92.37999725
10/21/2022,93.5
10/24/2022,93.26000214
10/25/2022,93.51999664
10/26/2022,95.69000244
10/27/2022,96.95999908
10/28/2022,95.76999664
10/31/2022,94.83000183
11/1/2022,94.65000153
11/2/2022,96.16000366
11/3/2022,94.66999817
11/4/2022,98.56999969
11/7/2022,97.91999817
11/8/2022,95.36000061
11/9/2022,92.65000153
11/10/2022,93.66999817
11/11/2022,95.98999786
11/14/2022,93.13999939
11/15/2022,93.86000061
11/16/2022,92.86000061
11/17/2022,89.77999878
11/18/2022,87.62000275
11/21/2022,87.44999695
11/22/2022,88.36000061
11/23/2022,85.41000366
11/25/2022,83.62999725
11/28/2022,83.19000244
11/29/2022,83.02999878
11/30/2022,85.43000031
12/1/2022,86.87999725
12/2/2022,85.56999969
12/5/2022,82.68000031
12/6/2022,79.34999847
12/7/2022,77.16999817
12/8/2022,76.15000153
12/9/2022,76.09999847
12/12/2022,77.98999786
12/13/2022,80.68000031
12/14/2022,82.69999695
12/15/2022,81.20999908
12/16/2022,79.04000092
12/19/2022,79.80000305
12/20/2022,79.98999786
12/21/2022,82.19999695
12/22/2022,80.98000336
12/23/2022,83.91999817
12/27/2022,84.33000183
12/28/2022,83.26000214
12/29/2022,82.26000214
12/30/2022,85.91000366
1/3/2023,82.09999847
1/4/2023,77.83999634
1/5/2023,78.69000244
1/6/2023,78.56999969
1/9/2023,79.65000153
1/10/2023,80.09999847
1/11/2023,82.66999817
1/12/2023,84.02999878
1/13/2023,85.27999878
1/17/2023,85.91999817
1/18/2023,84.98000336
1/19/2023,86.16000366
1/20/2023,87.62999725
1/23/2023,88.19000244
1/24/2023,86.12999725
1/25/2023,86.12000275
1/26/2023,87.47000122
1/27/2023,86.66000366
1/30/2023,84.90000153
1/31/2023,84.48999786
2/1/2023,82.83999634
2/2/2023,82.16999817
2/3/2023,79.94000244
2/6/2023,80.98999786
2/7/2023,83.69000244
2/8/2023,85.08999634
2/9/2023,84.5
2/10/2023,86.38999939
2/13/2023,86.61000061
2/14/2023,85.58000183
2/15/2023,85.37999725
2/16/2023,85.13999939
2/17/2023,83
2/21/2023,83.05000305
2/22/2023,80.59999847
2/23/2023,82.20999908
2/24/2023,83.16000366
2/27/2023,82.44999695
2/28/2023,83.88999939
3/1/2023,84.30999756
3/2/2023,84.75
3/3/2023,85.83000183
3/6/2023,86.18000031
3/7/2023,83.29000092
3/8/2023,82.66000366
3/9/2023,81.58999634
3/10/2023,82.77999878
3/13/2023,80.76999664
3/14/2023,77.44999695
3/15/2023,73.69000244
3/16/2023,74.69999695
3/17/2023,72.97000122
3/20/2023,73.79000092
3/21/2023,75.31999969
3/22/2023,76.69000244
3/23/2023,75.91000366
3/24/2023,74.98999786
3/27/2023,78.12000275
3/28/2023,78.65000153
3/29/2023,78.27999878
3/30/2023,79.26999664
3/31/2023,79.76999664
4/3/2023,84.93000031
4/4/2023,84.94000244
4/5/2023,84.98999786
4/6/2023,85.12000275
4/10/2023,84.18000031
4/11/2023,85.61000061
4/12/2023,87.33000183
4/13/2023,86.08999634
4/14/2023,86.30999756
4/17/2023,84.76000214
4/18/2023,84.76999664
4/19/2023,83.12000275
4/20/2023,81.09999847
4/21/2023,81.66000366
4/24/2023,82.73000336
4/25/2023,80.76999664
4/26/2023,77.69000244
4/27/2023,78.37000275
4/28/2023,79.54000092
5/1/2023,79.30999756
5/2/2023,75.31999969
5/3/2023,72.33000183
5/4/2023,72.5
5/5/2023,75.30000305
5/8/2023,77.01000214
5/9/2023,77.44000244
5/10/2023,76.41000366
5/11/2023,74.98000336
5/12/2023,74.16999817
5/15/2023,75.23000336
5/16/2023,74.91000366
5/17/2023,76.95999908
5/18/2023,75.86000061
5/19/2023,75.58000183
5/22/2023,75.98999786
5/23/2023,76.83999634
5/24/2023,78.36000061
5/25/2023,76.26000214
5/26/2023,76.94999695
5/30/2023,73.54000092
5/31/2023,72.66000366
6/1/2023,74.27999878
6/2/2023,76.12999725
6/5/2023,76.70999908
6/6/2023,76.29000092
6/7/2023,76.94999695
6/8/2023,75.95999908
6/9/2023,74.79000092
6/12/2023,71.83999634
6/13/2023,74.29000092
6/14/2023,73.19999695
6/15/2023,75.66999817
6/16/2023,76.61000061
6/20/2023,75.90000153
6/21/2023,77.12000275
6/22/2023,74.13999939
6/23/2023,73.84999847
6/26/2023,74.18000031
6/27/2023,72.26000214
6/28/2023,74.02999878
6/29/2023,74.33999634
6/30/2023,74.90000153
7/3/2023,74.65000153
7/5/2023,76.65000153
7/6/2023,76.51999664
7/7/2023,78.47000122
7/10/2023,77.69000244
7/11/2023,79.40000153
7/12/2023,80.11000061
7/13/2023,81.36000061
7/14/2023,79.87000275
7/17/2023,78.5
7/18/2023,79.62999725
7/19/2023,79.45999908
7/20/2023,79.63999939
7/21/2023,81.06999969
7/24/2023,82.73999786
7/25/2023,83.63999939
7/26/2023,82.91999817
7/27/2023,84.23999786
7/28/2023,84.98999786
7/31/2023,85.55999756
8/1/2023,84.91000366
8/2/2023,83.19999695
8/3/2023,85.13999939
8/4/2023,86.23999786
8/7/2023,85.33999634
8/8/2023,86.16999817
8/9/2023,87.55000305
8/10/2023,86.40000153
8/11/2023,86.80999756
8/14/2023,86.20999908
8/15/2023,84.88999939
8/16/2023,83.44999695
8/17/2023,84.12000275
8/18/2023,84.80000305
8/21/2023,84.45999908
8/22/2023,84.02999878
8/23/2023,83.20999908
8/24/2023,83.36000061
8/25/2023,84.48000336
8/28/2023,84.41999817
8/29/2023,85.48999786
8/30/2023,85.86000061
8/31/2023,86.86000061
9/1/2023,88.55000305
9/5/2023,90.04000092
9/6/2023,90.59999847
9/7/2023,89.91999817
9/8/2023,90.65000153
9/11/2023,90.63999939
9/12/2023,92.05999756
9/13/2023,91.87999725
9/14/2023,93.69999695
9/15/2023,93.93000031
9/18/2023,94.43000031
9/19/2023,94.33999634
9/20/2023,93.52999878
9/21/2023,93.30000305
9/22/2023,93.26999664
9/25/2023,93.29000092
9/26/2023,93.95999908
9/27/2023,96.55000305
9/28/2023,95.37999725
9/29/2023,95.30999756
10/2/2023,90.70999908
10/3/2023,90.91999817
10/4/2023,85.80999756
10/5/2023,84.06999969
10/6/2023,84.58000183
10/9/2023,88.15000153
10/10/2023,87.65000153
10/11/2023,85.81999969
10/12/2023,86
10/13/2023,90.88999939
10/16/2023,89.65000153
10/17/2023,89.90000153
10/18/2023,91.5
10/19/2023,92.37999725
10/20/2023,92.16000366
10/23/2023,89.83000183
10/24/2023,88.06999969
10/25/2023,90.12999725
10/26/2023,87.93000031
10/27/2023,90.48000336
10/30/2023,87.44999695
10/31/2023,87.41000366
11/1/2023,84.62999725
11/2/2023,86.84999847
11/3/2023,84.88999939
11/6/2023,85.18000031
11/7/2023,81.61000061
11/8/2023,79.54000092
11/9/2023,80.01000214
11/10/2023,81.43000031
11/13/2023,82.51999664
11/14/2023,82.47000122
11/15/2023,81.18000031
11/16/2023,77.41999817
11/17/2023,80.61000061
11/20/2023,82.31999969
11/21/2023,82.44999695
11/22/2023,81.95999908
11/23/2023,81.37000275
11/24/2023,80.58000183
11/27/2023,79.98000336
11/28/2023,81.68000031
11/29/2023,83.09999847
11/30/2023,82.83000183
12/1/2023,78.87999725
12/4/2023,78.02999878
12/5/2023,77.19999695
12/6/2023,74.30000305
12/7/2023,74.05000305
12/8/2023,75.83999634
12/11/2023,76.02999878
12/12/2023,73.23999786
12/13/2023,74.26000214
12/14/2023,76.61000061
12/15/2023,76.55000305
12/18/2023,77.94999695
12/19/2023,79.23000336
12/20/2023,79.69999695
12/21/2023,79.38999939
12/22/2023,79.06999969
12/26/2023,81.06999969
12/27/2023,79.65000153
12/28/2023,78.38999939
12/29/2023,77.04000092
1/2/2024,75.88999939
1/3/2024,78.25
1/4/2024,77.58999634
1/5/2024,78.76000214
1/8/2024,76.12000275
1/9/2024,77.58999634
1/10/2024,76.80000305
1/11/2024,77.41000366
1/12/2024,78.29000092
1/16/2024,78.29000092
1/17/2024,77.87999725
1/18/2024,79.09999847
1/19/2024,78.55999756
1/22/2024,80.05999756
1/23/2024,79.55000305
1/24/2024,80.04000092
1/25/2024,82.43000031
1/26/2024,83.55000305
1/29/2024,82.40000153
1/30/2024,82.87000275
1/31/2024,81.70999908
2/1/2024,78.69999695
2/2/2024,77.33000183
2/5/2024,77.98999786
2/6/2024,78.58999634
2/7/2024,79.20999908
2/8/2024,81.62999725
2/9/2024,82.19000244
2/12/2024,82
2/13/2024,82.76999664
2/14/2024,81.59999847
2/15/2024,82.86000061
2/16/2024,83.47000122
2/20/2024,82.33999634
2/21/2024,83.02999878
2/22/2024,83.66999817
2/23/2024,81.62000275
2/26/2024,82.52999878
2/27/2024,83.65000153
2/28/2024,83.68000031
2/29/2024,83.62000275
3/1/2024,83.55000305
3/4/2024,82.80000305
3/5/2024,82.04000092
3/6/2024,82.95999908
3/7/2024,82.95999908
3/8/2024,82.08000183
3/11/2024,82.20999908
3/12/2024,81.91999817
3/13/2024,84.02999878
3/14/2024,85.41999817
3/15/2024,85.33999634
3/18/2024,86.88999939
3/19/2024,87.37999725
3/20/2024,85.94999695
3/21/2024,85.77999878
3/22/2024,85.43000031
3/25/2024,86.75
3/26/2024,86.25
3/27/2024,86.08999634
3/28/2024,87.48000336
4/1/2024,87.41999817
4/2/2024,88.91999817
4/3/2024,89.34999847
4/4/2024,90.65000153
4/5/2024,91.16999817
4/8/2024,90.37999725
4/9/2024,89.41999817
4/10/2024,90.48000336
4/11/2024,89.73999786
4/12/2024,90.44999695
4/15/2024,90.09999847
4/16/2024,90.01999664
4/17/2024,87.29000092
4/18/2024,87.11000061
4/19/2024,87.29000092
4/22/2024,87
4/23/2024,88.41999817
4/24/2024,88.01999664
4/25/2024,89.01000214
4/26/2024,89.5
4/29/2024,88.40000153
4/30/2024,87.86000061
5/1/2024,83.44000244
5/2/2024,83.66999817
5/3/2024,82.95999908
5/6/2024,83.33000183
5/7/2024,83.16000366
5/8/2024,83.58000183
5/9/2024,83.87999725
5/10/2024,82.79000092
5/13/2024,83.36000061
5/14/2024,82.37999725
5/15/2024,82.75
5/16/2024,83.26999664
5/17/2024,83.98000336
5/20/2024,83.70999908
5/21/2024,82.87999725
5/22/2024,81.90000153
5/23/2024,81.36000061
5/24/2024,82.12000275
5/28/2024,84.22000122
5/29/2024,83.59999847
5/30/2024,81.86000061
5/31/2024,81.62000275
6/3/2024,78.36000061
6/4/2024,77.51999664
6/5/2024,78.41000366
6/6/2024,79.87000275
6/7/2024,79.62000275
6/10/2024,81.62999725
6/11/2024,81.91999817
6/12/2024,82.59999847
6/13/2024,82.75
6/14/2024,82.62000275
6/17/2024,84.25
6/18/2024,85.33000183
6/20/2024,85.70999908
6/21/2024,85.23999786
6/24/2024,86.01000214
6/25/2024,85.01000214
6/26/2024,85.25
6/27/2024,86.38999939
6/28/2024,86.41000366
7/1/2024,86.59999847
7/2/2024,86.23999786
7/3/2024,87.33999634
7/5/2024,86.54000092
7/8/2024,85.75
7/9/2024,84.66000366
7/10/2024,85.08000183
7/11/2024,85.40000153
7/12/2024,85.02999878
7/15/2024,84.84999847
7/16/2024,83.73000336
7/17/2024,85.08000183
7/18/2024,85.11000061
7/19/2024,82.62999725
7/22/2024,82.40000153
7/23/2024,81.01000214
7/24/2024,81.70999908
7/25/2024,82.37000275
7/26/2024,81.12999725
7/29/2024,79.77999878
7/30/2024,78.62999725
7/31/2024,80.72000122
8/1/2024,79.51999664
8/2/2024,76.80999756
8/5/2024,76.30000305
8/6/2024,76.48000336
8/7/2024,78.33000183
8/8/2024,79.16000366
8/9/2024,79.66000366
8/12/2024,82.30000305
8/13/2024,80.69000244
8/14/2024,79.76000214
8/15/2024,81.04000092
8/16/2024,79.68000031
8/19/2024,77.66000366
8/20/2024,77.19999695
8/21/2024,76.05000305
8/22/2024,77.22000122
8/23/2024,79.01999664
8/26/2024,81.43000031
8/27/2024,79.55000305
8/28/2024,78.65000153
8/29/2024,79.94000244
8/30/2024,78.80000305
9/3/2024,73.75
9/4/2024,72.69999695
9/5/2024,72.69000244
9/6/2024,71.05999756
9/9/2024,71.83999634
9/10/2024,69.19000244
9/11/2024,70.61000061
9/12/2024,71.97000122
9/13/2024,71.61000061
9/16/2024,72.75
9/17/2024,73.69999695
9/18/2024,73.65000153
9/19/2024,74.87999725
9/20/2024,74.48999786
9/23/2024,73.90000153
9/24/2024,75.16999817
9/25/2024,73.45999908
9/26/2024,71.59999847
9/27/2024,71.98000336
9/30/2024,71.76999664
10/1/2024,73.55999756
10/2/2024,73.90000153
10/3/2024,77.62000275
10/4/2024,78.05000305
10/7/2024,80.93000031
10/8/2024,77.18000031
10/9/2024,76.58000183
10/10/2024,79.40000153
10/11/2024,79.04000092
10/14/2024,77.45999908
10/15/2024,74.25
10/16/2024,74.22000122
10/17/2024,74.44999695
10/18/2024,73.05999756
10/21/2024,74.29000092
10/22/2024,76.04000092
10/23/2024,74.95999908
10/24/2024,74.37999725
10/25/2024,76.05000305
10/28/2024,71.41999817
10/29/2024,71.12000275
10/30/2024,72.55000305
10/31/2024,73.16000366
11/1/2024,73.09999847
11/4/2024,75.08000183
11/5/2024,75.52999878
11/6/2024,74.91999817
11/7/2024,75.62999725
11/8/2024,73.87000275
11/11/2024,71.83000183
11/12/2024,71.88999939
11/13/2024,72.27999878
11/14/2024,72.55999756
11/15/2024,71.04000092
11/18/2024,73.30000305
11/19/2024,73.30999756
11/20/2024,72.80999756
11/21/2024,74.23000336
11/22/2024,75.16999817
11/25/2024,73.01000214
11/26/2024,72.80999756
11/27/2024,72.83000183
11/29/2024,72.94000244
